product_id,product_name,description,image_url,collection_id,collection_name,is_veg,rating,price,ingredients
1,Plain Dosa,Name,https://www.vegrecipesofindia.com/wp-content/uploads/2018/11/plain-dosa-recipe-1a.jpg,1,South Indian,1,4,70,{0}
2,Masala Dosa,Name,https://recipes.timesofindia.com/photo/54289752.cms,1,South Indian,1,4.2,80,{0}
3,Mysore Masala Dosa,Name,http://farm8.staticflickr.com/7322/9550547181_8848955222_o.jpg,1,South Indian,1,4.2,90,{0}
4,Paneer Masala Dosa,Name,https://pull-revisfoodography.netdna-ssl.com/wp-content/uploads/2015/09/paneer-masala-dosa-vert.jpg,1,South Indian,1,2,90,{0}
5,Rava Dosa,Name,http://cdn1.foodviva.com/static-content/food-images/south-indian-recipes/rava-dosa/rava-dosa.jpg,1,South Indian,1,5,100,{0}
6,Nachani Dosa,name,http://www.smithakalluraya.com/wp-content/uploads/2014/11/fermented-ragi-dosa-nachni-dosa-fingermillet-crepe.1024x1024-6.jpg,1,South Indian,1,3,75,{0}
7,South Indian Platter,name,https://i.pinimg.com/736x/c9/57/a4/c957a4faf9d16471d944adb20d2e5223--indian-fat.jpg,1,South Indian,1,4.3,65,{0}
8,Oats Masala Dosa,name,http://lifestylesmakeover.com/wp-content/uploads/2018/12/mysore-masala-dosa.jpg,1,South Indian,1,3.6,110,{0}
9,Moongdal Dosa,name,http://cdn3.foodviva.com/static-content/food-images/andhra-recipes/pesarattu/pesarattu.jpg,1,South Indian,1,4.8,125,{0}
10,Oats Idli,name,http://cdn2.foodviva.com/static-content/food-images/breakfast-recipes/oats-idli/oats-idli.jpg,1,South Indian,1,4.4,80,{0}
11,Ragi Idli,name,https://www.whiskaffair.com/wp-content/uploads/2017/03/Ragi-Idli-800x1198.jpg,1,South Indian,1,4,60,{0}
12,Masala Fried Idli,name,https://i.ytimg.com/vi/7lS3DdJl43o/hqdefault.jpg,1,South Indian,1,4.1,55,{0}
13,Medu Wada,name,https://hebbarskitchen.com/wp-content/uploads/2017/08/medu-vada-recipe-in-mixie-uddina-vada-medhu-vadai-ulundu-vadai-1-1068x1423.jpeg,1,South Indian,1,4,45,{0}
14,Dal Wada,name,http://cdn2.foodviva.com/static-content/food-images/snacks-recipes/masala-vada-chan-dal/masala-vada-chana-dal.jpg,1,South Indian,1,4.5,50,{0}
15,Uttapam,Name,https://www.archanaskitchen.com/images/archanaskitchen/1-Author/kitchennandoos/vegetable_uttapam_.jpg,1,South Indian,,3,80,{0}
16,Carrot Uttapam,name,https://balancenutritiononline.com/wp-content/uploads/2017/11/Carrot-Uttapam-1300x1300.jpg,1,South Indian,1,3.5,160,{0}
18,Ragi Uttapam,name,https://www.sanjeevkapoor.com/UploadFiles/RecipeImages/Instant-Ragi-Uttapam-Turban-Tadka-FoodFood.jpg,1,South Indian,1,3.5,95,{0}
19,Oats Uttapam,name,https://i.ndtvimg.com/i/2017-10/uttapam-recipes_806x605_81507637803.jpg,1,South Indian,1,4,150,{0}
20,Vermicelli Upama,name,https://nishkitchen.com/wp-content/uploads/2016/09/vermicelli-upma-3B.jpg,1,South Indian,1,3,75,{0}
21,Corn Upama,name,http://ksmartstatic.sify.com/cmf-1.0.0/appflow/bawarchi.com/Image/oetuogfjhhffc_bigger.jpg,1,South Indian,1,3.8,90,{0}
22,Wheat upama,name,"https://www.tarladalal.com/members/9306/big/big_broken_wheat_upma,_healthy_breakfast_recipe-13463.jpg?size=696X905",1,South Indian,1,4.7,60,{0}
23,Avial,name,https://i.ndtvimg.com/i/2018-02/aviyal_620x350_81517900508.jpg?downsize=650:400&output-quality=70&output-format=webp,1,South Indian,1,4,70,{0}
24,Coconut Chutney,name,https://www.tarladalal.com/members/9306/big/big_coconut_chutney_(_mumbai_roadside_recipes)-8298.jpg?size=696X905,1,South Indian,1,4.2,80,{0}
25,Onion Chutney,Name,https://hebbarskitchen.com/wp-content/uploads/2017/06/onion-chutney-recipe-south-indian-onion-chutney-for-idli-dosa-1-1068x1423.jpeg,1,South Indian,1,4.2,90,{0}
26,Tomato Chutney,name,https://hebbarskitchen.com/wp-content/uploads/2016/11/tomato-chutney-1-1068x1423.jpeg,1,South Indian,1,2,90,{0}
27,Coriander Chutney,name,https://i1.wp.com/vegecravings.com/wp-content/uploads/2016/12/coriander-tomato-chutney-recipe-step-by-step-instructions.jpg?w=1500,1,South Indian,1,5,100,{0}
28,Pudina Chutney,name,https://simpleindianrecipes.com/portals/0/sirimages/mint%20chutney%20M.JPG,1,South Indian,1,3,75,{0}
29,Lemon Rice,name,https://myfoodstory.com/wp-content/uploads/2018/09/Easy-Lemon-Rice-Yellow-Rice-2.jpg,1,South Indian,1,4.3,65,{0}
30,Curd Rice,name,https://www.indianhealthyrecipes.com/wp-content/uploads/2015/03/curd-rice.jpg,1,South Indian,1,3.6,110,{0}
31,Tomato Rice,name,https://recipes.timesofindia.com/photo/54673775.cms?imgsize=320474,1,South Indian,1,4.8,125,{0}
32,Coconut Rice,Name,https://www.indianhealthyrecipes.com/wp-content/uploads/2015/03/coconut-rice-1-500x447.jpg,1,South Indian,1,4.4,80,{0}
33,Tamarind Rice,name,https://www.vegrecipesofindia.com/wp-content/uploads/2016/10/tamarind-rice-recipe-1.jpg,1,South Indian,1,4,60,{0}
34,Sesame Rice,name,https://s3.amazonaws.com/finecooking.s3.tauntonclud.com/app/uploads/2017/04/18185446/051115012-01-sesame-rice-recipe-main.jpg,1,South Indian,1,4.1,55,{0}
35,Fish Moilee,name,https://i2.wp.com/www.cookingcurries.com/wp-content/uploads/2016/11/Fish-Molee-Kerala-Style-Fish-Curry-with-Coconut-Milk-Kerala-Christmas-Recipes_thumb.jpg?zoom=2&resize=677%2C1015,1,South Indian,0,4,45,{0}
36,Karimeen Fry,name,https://5.imimg.com/data5/IO/MQ/MY-41206114/karimeen-fry-500x500.jpg,1,South Indian,0,4.5,50,{0}
37,Aila Fish Curry,name,https://i.ytimg.com/vi/3iJ8ywXqiYU/hqdefault.jpg,1,South Indian,0,3,80,{0}
38,Kerala Chicken Roast,name,https://www.ndtv.com/cooks/images/kerala.chicken.roast%20%281%29.jpg?downsize=650:400&output-quality=70&output-format=webp,1,South Indian,0,3.5,160,{0}
39,Naadan Crab Fry,name,http://healthyliving.natureloc.com/wp-content/uploads/2015/11/Traditional-Kerala-Crab-curry-or-Nadan-Njandu-Curry.jpg,1,South Indian,0,5,90,{0}
40,Fish Curry With Lotus Stems,name,http://rd1universalchicken.com/wp-content/uploads/2018/11/main-qimg-4431db981b8fba6a54c4c7b185b1c7b9.jpg,1,South Indian,0,3.5,95,{0}
41,Goan Curry,name,https://myfoodstory.com/wp-content/uploads/2017/08/Goan-Prawn-Curry-with-Coconut-Ambot-Tik-2.jpg,2,Malvani,0,4,150,{0}
42,Machha Besara,Name,https://i0.wp.com/www.bhupinderkumar.com/wp-content/uploads/2017/05/anu1.jpg?zoom=2&resize=916%2C458,2,Malvani,0,3,75,{0}
43,Malvani Curry,name,https://www.ruchikrandhap.com/wp-content/uploads/2016/03/MalvaniMuttonCurry28329-1.jpg,2,Malvani,0,3.8,90,{0}
44,Bombil Fry,name,https://i2.wp.com/jyotiscookbook.com/wp-content/uploads/2017/01/15826072_979778622127929_5317540855558010157_n.jpg?zoom=2&resize=960%2C576,2,Malvani,0,4.7,60,{0}
45,Bangada Fry,name,https://www.kannammacooks.com/wp-content/uploads/2015/11/pomfret-fry-recipe-vavval-meen-varuval-shallow-fry.jpg,2,Malvani,0,4,70,{0}
46,Malvani Mutton Curry,name,https://www.ruchikrandhap.com/wp-content/uploads/2016/03/MalvaniMuttonCurry28329-1.jpg,2,Malvani,0,4.2,80,{0}
47,Paplet Gravy,name,http://ksmartstatic.sify.com/cmf-1.0.0/appflow/bawarchi.com/Image/oerwEMgchahff_bigger.jpg,2,Malvani,0,4.2,90,{0}
48,Mori Masala,name,https://i.ytimg.com/vi/yJ76qWZwPG8/maxresdefault.jpg,2,Malvani,0,2,90,{0}
49,Prawns Curry,name,https://i.ndtvimg.com/i/2017-10/goan-prawn-curry-recipe_620x330_51508931774.jpg,2,Malvani,0,5,100,{0}
50,Prawns Fry,name,https://i.pinimg.com/originals/42/37/78/4237787f7e2e7338c97298308fa44ce5.jpg,2,Malvani,0,3,75,{0}
51,Crab Meat balls,Name,https://feenix.co.in/wp-content/uploads/2018/01/54f68bddd7cd0_-_mla103568_0908_crabpuffs_sxl-2.jpg,2,Malvani,0,4.3,65,{0}
52,Creamy Crab Meat,Name,https://food.fnr.sndimg.com/content/dam/images/food/fullset/2009/4/14/1/FNM060109TakeIt005_s4x3.jpg.rend.hgtvcom.826.620.suffix/1371589415768.jpeg,2,Malvani,0,3.6,110,{0}
53,Crab Mean Buruji,Name,https://5.imimg.com/data5/FM/RR/GLADMIN-40049374/crab-bhurji-500x500.jpg,2,Malvani,0,4.8,125,{0}
54,Crab Soup,Name,"https://hips.hearstapps.com/hmg-prod.s3.amazonaws.com/images/delish-crab-bisque-horizontal-1542322699.jpg?crop=0.980xw:0.898xh;0.0204xw,0.0740xh&resize=980:*",2,Malvani,0,4.4,80,{0}
55,Crab Biryani,Name,https://www.maggime.com/sites/default/files/recipes/en/Chicken-Biryani.jpg,2,Malvani,0,4,60,{0}
56,Crab Leg Masala,name,https://i.pinimg.com/originals/c7/9d/47/c79d47fbe843c88cb7de54ecc1acfd6d.jpg,2,Malvani,0,4.1,55,{0}
57,Tandoori Chicken,name,https://dinnerthendessert.com/wp-content/uploads/2018/03/Tandoori-Chicken-4.jpg,3,Punjabi,0,4,45,{0}
58,Chicken Stew,name,https://www.cookingclassy.com/wp-content/uploads/2017/10/chicken-stew-2.jpg,4,Starters,0,4.5,50,{0}
59,Chicken Soup,name,https://www.halfbakedharvest.com/wp-content/uploads/2018/03/Slow-Cooker-Hearty-Chicken-Soup-1-1-500x375.jpg,4,Starters,0,3,80,{0}
60,Chicken Tikka Masala,name,https://www.recipetineats.com/wp-content/uploads/2018/04/Chicken-Tikka-Masala_0.jpg,3,Punjabi,0,3.5,160,{0}
61,Mughlai Chicken,name,http://www.theflavourtrip.com/wp-content/uploads/2018/01/Chciken-Mughlai-Final-1.jpg,5,Hyde,0,5,90,{0}
62,Chicken Curry,name,https://recipes.timesofindia.com/photo/58394256.cms?imgsize=691574,3,Punjabi,0,3.5,95,{0}
63,Mughlai Chicken Biryani,name,https://5.imimg.com/data5/LG/SS/GLADMIN-34826670/mughlai-chicken-biryani-500x500.png,5,Hyde,0,4,150,{0}
64,Mirchi Ka Salan,name,https://www.archanaskitchen.com/images/archanaskitchen/Indian_Vegetables_Gravy/Mirchi_Ka_Salan_Recipe_Chillies_in_Tangy_Spicy_Peanut_Sesame_Curry-2.jpg,5,Hyde,0,3,75,{0}
65,Dum Pukht,Name,https://s3-media2.fl.yelpcdn.com/bphoto/AgjBE86_2ZDItXHWKaON9w/348s.jpg,5,Hyde,0,3.8,90,{0}
66,Hyderabadi Marag,name,https://www.archanaskitchen.com/images/archanaskitchen/1-Author/Nusrath_Jahan/Hyderabadi_marag.jpg,5,Hyde,0,4.7,60,{0}
67,Chicken Lollipop,Name,https://i.pinimg.com/474x/8c/2b/01/8c2b015d172f8eec08a45a6a00ebc920--indian-starter-recipes-indian-chicken-recipes.jpg,4,Starters,0,4,70,{0}
68,Gosht Pasinde,name,http://c2.hiqcdn.com//customcdn/500x500/blog/sites/default/files/images/11_3.jpg,5,Hyde,0,4.2,80,{0}
69,Malai Korma,name,https://i.ytimg.com/vi/GTO5YSYhYoE/hqdefault.jpg,3,Punjabi,0,4.2,90,{0}
70,Qabooli Biryani,name,"https://www.tarladalal.com/members/9306/big/big_qabooli_biryani,_hyderabadi_chana_dal_biryani-12679.jpg?size=696X905",5,Hyde,0,2,90,{0}
71,Dum Biryani,name,https://i.pinimg.com/originals/93/1f/38/931f3868daed8799aec78800902b9ea3.jpg,5,Hyde,0,5,100,{0}
72,Hyderabadi Veg Biryani,name,https://www.indianhealthyrecipes.com/wp-content/uploads/2013/03/hyderabadi-vegetable-dum-biryani-recipe.jpg,5,Hyde,1,3,75,{0}
73,Sheer Khurma,name,https://vaya.in/recipes/wp-content/uploads/2018/03/Sheer-Khurma.jpg,6,Desserts,1,4.3,65,{0}
74,Shahi Tukada,name,http://cdn3.foodviva.com/static-content/food-images/pudding-recipes/shahi-tukra-with-condensed-milk-recipe/shahi-tukra-with-condensed-milk-recipe.jpg,6,Desserts,1,3.6,110,{0}
75,Mutton Korma,Name,https://www.ndtv.com/cooks/images/mutton.korma.jpg,5,Hyde,0,4.8,125,{0}
76,Chicken Biryani,name,https://www.indianhealthyrecipes.com/wp-content/uploads/2019/02/chicken-biryani-recipe.jpg,3,Punjabi,0,4.4,80,{0}
77,Chicken 65,name,https://assets.betterbutter.in/386x386/pavithira-vijay0145756037056e09b318d05d.jpg,3,Punjabi,0,4,60,{0}
78,Puri Bhaji,name,https://media-cdn.tripadvisor.com/media/photo-s/0f/86/a8/e0/puri-bhaji.jpg,4,Starters,1,4.1,55,{0}
79,Chole Bhature,name,https://s3.scoopwhoop.com/anj/image/f39c4ea6-add8-454b-8007-5b5e95f2fed3.jpg,3,Punjabi,1,4,45,{0}
80,Rogan Josh,name,https://s3-eu-west-1.amazonaws.com/thefoodmarket1/spree/blog_entry_images/15506/w850/edited-roganjoshrecipe-2.jpg?1530094072,5,Hyde,0,4.5,50,{0}
81,Sali Boti(Red Hot Mutton),name,https://3.bp.blogspot.com/-E7EQ5YYcQh4/WT1DnmIjdCI/AAAAAAAAMdo/IcoFebYVtCMmz_nZoG_Gh-uYvJg8aypDQCEw/s1600/IMG_0183.JPG,5,Hyde,0,3,80,{0}
82,Aloo chaat,Name,https://www.vegrecipesofindia.com/wp-content/uploads/2018/07/aloo-chaat-recipe-2.jpg,4,Starters,1,3.5,160,{0}
83,Malpua,name,https://i2.wp.com/vegecravings.com/wp-content/uploads/2017/07/malpua-recipe-step-by-step-instructions-17.jpg?w=1500,6,Desserts,1,5,90,{0}
84,Kadhai Paneer,name,https://hebbarskitchen.com/wp-content/uploads/mainPhotos/kadai-paneer-recipe-karahi-paneer-how-to-make-kadai-paneer-gravy-1-1068x1423.jpeg,3,Punjabi,1,3.5,95,{0}
85,Aloo Gobi Masala,name,https://hebbarskitchen.com/wp-content/uploads/2016/12/aloo-gobi-masala-recipe-how-to-make-aloo-gobi-curry-restaurant-style-16-769x1024.jpeg,3,Punjabi,1,4,150,{0}
86,Carrot Halwa,name,https://www.vegrecipesofindia.com/wp-content/uploads/2017/11/gajar-ka-halwa-recipe-04.jpg,6,Desserts,1,3,75,{0}
87,Lauki Halwa,name,https://hebbarskitchen.com/wp-content/uploads/mainPhotos/lauki-ka-halwa-recipe-dudhi-halwa-recipe-loki-ka-halwa-2-1068x1423.jpeg,6,Desserts,1,3.8,90,{0}
88,Palak Paneer,name,https://recipesinhindi.net/wp-content/uploads/2018/06/palak-paneer-recipe-1.jpeg,3,Punjabi,1,4.7,60,{0}
89,Aloo Matar,name,https://hebbarskitchen.com/wp-content/uploads/mainPhotos/aloo-matar-recipe-aloo-mutter-recipe-alu-matar-recipe-1-1068x1423.jpeg,3,Punjabi,1,4,70,{0}
90,Paneer Butter Masala,name,https://www.vegrecipesofindia.com/wp-content/uploads/2013/04/paneer-butter-masala-paneer-makhani.jpg,3,Punjabi,1,4.2,80,{0}
91,Paneer Tikka,name,https://i0.wp.com/vegecravings.com/wp-content/uploads/2018/04/Paneer-Tikka-Recipe-Step-By-Step-Instructions.jpg?w=1500,3,Punjabi,1,4.2,90,{0}
92,Tawa Paneer,Name,https://2.bp.blogspot.com/-AD50Po9O7iY/VuAe1uzyg-I/AAAAAAAAVws/OUNg8VBdiJc/s1600/Tawa%2BPaneer%2B%25284%2529%2B-%2B1.jpg,3,Punjabi,1,2,90,{0}
93,Dum Aloo,name,https://vaya.in/recipes/wp-content/uploads/2017/12/Kashmiri_dum_aloo.jpg,3,Punjabi,1,5,100,{0}
94,Dahi Kabab,name,http://www.yummyfoodrecipes.in/resources/picture/org/How-to-make-Dahi-Ke-Kabab.jpg,4,Starters,1,3,75,{0}
95,Spicy Achari Paneer Masala,name,https://www.archanaskitchen.com/images/archanaskitchen/1-Author/foodcoworg-gmail.com/Achari_Paneer_Masala.jpg,3,Punjabi,1,4.3,65,{0}
96,Dal Fry,name,https://encrypted-tbn0.gstatic.com/images?q=tbn:ANd9GcRgQ-vlTT0inB8JTd7dgWwDGhxfGFtdt2hB9f9sYLRpIfwrS9B-,3,Punjabi,1,3.6,110,{0}
97,Dal Tadaka,name,https://3.bp.blogspot.com/-2Cm-zbTzQTw/WqAReQMp68I/AAAAAAAAwyI/vq3ifW9IiZ8sayg4oTLq9yQ1K6uCV2kxACLcBGAs/s1600/Dal-tadka-recipe.jpg,3,Punjabi,1,4.8,125,{0}
98,Baingan Bharata,name,https://www.ticklingpalates.com/wp-content/uploads/2016/07/baingan-bharta-recipe.jpg,3,Punjabi,1,4.4,80,{0}
99,Bhendi Fry,name,https://hebbarskitchen.com/wp-content/uploads/2017/04/bhindi-fry-recipe-bhindi-ki-sabzi-bhindi-masala-dry-okra-fry-recipe-1-1068x1423.jpeg,3,Punjabi,1,4,60,{0}
100,Bhendi Masala,name,https://c.ndtvimg.com/2019-01/s3gsb3co_fffff_625x300_04_January_19.jpg,3,Punjabi,1,4.1,55,{0}
101,Aloo Tikki,Name,https://www.vegrecipesofindia.com/wp-content/uploads/2018/12/aloo-tikki-recipe-1.jpg,3,Starters,1,4,45,{0}
102,Baby Corn Masala,Name,https://hebbarskitchen.com/wp-content/uploads/mainPhotos/baby-corn-masala-recipe-baby-corn-gravy-baby-corn-curry-2-1068x1423.jpeg,3,Starters,1,4.5,50,{0}
103,Kadai Mushroom,Name,http://maayeka.com/wp-content/uploads/2016/03/019-kadai-Mushroom-sabzi-1.jpg,3,Punjabi,1,3,80,{0}
104,Malai Kofata,Name,https://www.thecuriouschickpea.com/wp-content/uploads/2018/03/malaikofta-4-735x1103.jpg,3,Punjabi,1,3.5,160,{0}
105,Masoor Dal,Name,https://www.archanaskitchen.com/images/archanaskitchen/0-Archanas-Kitchen-Recipes/2018/Recipe_For_Beginners_One_Pot_Tadkewali_Masoor_Dal_Recipe-1.jpg,3,Punjabi,1,5,90,{0}
106,Matar Mushroom,name,https://www.archanaskitchen.com/images/archanaskitchen/1-Author/Waagmi_Soni/matar-mushroom-curry-recipe.jpg,3,Punjabi,1,3.5,95,{0}
107,Methi Malai Paneer,name,https://i.ytimg.com/vi/JzD0AblAz1A/maxresdefault.jpg,3,Punjabi,1,4,150,{0}
108,Sev Bhaji,name,https://i0.wp.com/flavouroma.com/wp-content/uploads/2017/02/sev-bhaji-recipe-featured-image.jpg?w=1000&ssl=1,3,Punjabi,1,3,75,{0}
109,Mushroom Masala,name,https://hebbarskitchen.com/wp-content/uploads/2017/03/mushroom-curry-recipe-mushroom-masala-recipe-mushroom-gravy-2-1068x1423.jpeg,3,Punjabi,1,3.8,90,{0}
110,Paneer makhani,name,https://www.vegrecipesofindia.com/wp-content/uploads/2013/04/paneer-butter-masala-paneer-makhani.jpg,3,Punjabi,1,4.7,60,{0}
111,Rajama,name,http://maunikagowardhan.co.uk/wp-content/uploads/2018/02/Kashmiri-Rajma-Masala-2-700x467.jpg,3,Punjabi,1,4,70,{0}
112,Sabudana Khichadi,name,https://www.ruchiskitchen.com/wp-content/uploads/2017/02/sabudana-khichdi-4.jpg,7,Snacks,1,4.2,80,{0}
113,Sabudana Vada,name,https://hebbarskitchen.com/wp-content/uploads/mainPhotos/sabudana-vada-recipe-how-to-make-sabudana-vada-sago-vada-sabakki-vada-2-1068x1602.jpeg,7,Snacks,1,4.2,90,{0}
114,Samosa,name,https://i1.wp.com/vegecravings.com/wp-content/uploads/2017/03/samosa-recipe-step-by-step-instructions.jpg?w=1500,7,Snacks,1,2,90,{0}
115,Shahi Paneer,Name,https://encrypted-tbn0.gstatic.com/images?q=tbn:ANd9GcRUNt2wnJMasDHUvODxQ59DiYDmt0i_hjZP7QkwnfcR3-YmGULG,3,Punjabi,1,5,100,{0}
116,Stuffed Capsicum,name,http://images.kglobalservices.com/www.kelloggs.com.au/en_au/recipe/recipe_6595715/recip_img-6596623_kelloggs-stuffed-capsicums.jpg,4,Punjabi,1,3,75,{0}
117,Veg Cutlet,Name,https://hebbarskitchen.com/wp-content/uploads/2018/07/veg-cutlet-recipe-vegetable-cutlet-recipe-easy-veg-cutlet-recipe-1-1068x1602.jpeg,4,Starters,1,4.3,65,{0}
118,Veg Seekh Kabab,name,https://www.indianhealthyrecipes.com/wp-content/uploads/2016/06/veg-seekh-kabab-recipe.jpg,4,Starters,1,3.6,110,{0}
119,Badam Halawa,name,https://www.boldsky.com/img/2017/10/600x450-17-1508236469.jpg,6,Desserts,1,4.8,125,{0}
120,Beetroot Halawa,name,https://priyakitchenette.com/wp-content/uploads/2016/08/beetroot-halwa.jpg,6,Desserts,1,4.4,80,{0}
121,Cham cham,name,https://3.bp.blogspot.com/-CvBqMiFHg2k/WBKjs9jGvwI/AAAAAAAAj5k/qDidtHBh708HF7Dxt4daZPdBEFg49EY3wCLcB/s640/IMG_4113.JPG,6,Desserts,1,4,60,{0}
122,Badam Dry Fruit Ladoo,name,https://images-na.ssl-images-amazon.com/images/I/91Kibg8iOuL._SX679_.jpg,6,Desserts,1,4.1,55,{0}
123,Gulab Jamun,name,https://encrypted-tbn0.gstatic.com/images?q=tbn:ANd9GcSSAcWOMUl-bzWfANi2AkTWS6-jNKOglL2N21tmZD6UpXASdFOQ,6,Desserts,1,4,45,{0}
124,Moong Dal Halwa,name,https://assets.betterbutter.in/386x386/public/recipe_thumb/medium/1448883274POEF2CbHl7_thumb.jpg,6,Desserts,1,4.5,50,{0}
125,Walnut Halwa,Name,https://i.ndtvimg.com/i/2016-10/halwa_625x350_51477568262.jpg,6,Desserts,1,3,80,{0}
126,Pumpkin Halwa,name,https://www.harighotra.co.uk/images/recipes/hero/Pumpkin-halwa-hero.jpg,6,Desserts,1,3.5,160,{0}
127,Egg Omelette,name,https://www.seriouseats.com/recipes/images/2016/04/20160418-american-omelet-ham-and-cheese-21.JPG,7,Snacks,0,5,90,{0}
128,Egg Bhuraji,name,https://www.cookwithmanali.com/wp-content/uploads/2014/11/Indian-Spicy-Scrambled-Eggs.jpg,7,Snacks,0,3.5,95,{0}
129,Paneer Bhuraji,name,https://myfoodstory.com/wp-content/uploads/2016/09/paneer-bhurji-turmeric-cottage-cheese-scramble.1024x1024-1.jpg,3,Punjabi,1,4,150,{0}
130,Egg Curry,name,https://www.indianhealthyrecipes.com/wp-content/uploads/2012/11/egg-curry-recipe.jpg,3,Punjabi,0,3,75,{0}
131,Half fried Egg,name,https://www.seriouseats.com/recipes/images/2017/07/20170728-sunny-side-up-eggs-vicky-wasik-1500x1125.jpg,7,Snacks,0,3.8,90,{0}
133,Plain Paratha,name,https://www.vegrecipesofindia.com/wp-content/uploads/2010/06/plain-paratha-recipe-1.jpg,12,Roti,1,4,70,{0}
134,Rumali Roti,name,https://hebbarskitchen.com/wp-content/uploads/2016/09/rumali-roti-1-1068x1423.jpeg,12,Roti,1,4.2,80,{0}
135,Naan,name,https://www.jocooks.com/wp-content/uploads/2011/04/naan-bread-1.jpg,12,Roti,1,4.2,90,{0}
136,Tawa Roti,name,http://www.yaarandaaddasaddaadda.com/wp-content/uploads/2018/06/Tawa-Roti.jpg,12,Roti,1,2,90,{0}
137,Butter Naan,name,https://hebbarskitchen.com/wp-content/uploads/2017/05/naan-recipe-butter-naan-recipe-homemade-naan-bread-recipe-1-1068x1423.jpeg,12,Roti,1,5,100,{0}
138,Aloo paratha,name,https://hebbarskitchen.com/wp-content/uploads/mainPhotos/aloo-paratha-recipe-aloo-ka-paratha-recipe-alu-paratha-recipe-2-1068x1602.jpeg,7,Snacks,1,3,75,{0}
140,Gobi Paratha,name,https://hebbarskitchen.com/wp-content/uploads/mainPhotos/gobi-paratha-recipe-gobi-ka-paratha-gobhi-paratha-recipe-1-1068x1423.jpeg,7,Snacks,1,3.6,110,{0}
144,Paneer Paratha,name,https://hebbarskitchen.com/wp-content/uploads/2016/12/paneer-paratha-recipe-how-to-make-paneer-paratha-25-1068x1423.jpeg,7,Snacks,1,4.1,55,{0}
145,Onion Paratha,name,https://hebbarskitchen.com/wp-content/uploads/2017/08/onion-paratha-recipe-pyaz-ka-paratha-recipe-pyaaz-paratha-1-1068x1423.jpeg,7,Snacks,1,4,45,{0}
146,Methi Paratha,name,https://hebbarskitchen.com/wp-content/uploads/2017/04/methi-paratha-recipe-methi-ka-paratha-fenugreek-paratha-recipe-1-1068x1423.jpeg,7,Snacks,1,4.5,50,{0}
147,Bread Pakoda,name,https://hebbarskitchen.com/wp-content/uploads/mainPhotos/bread-pakora-recipe-aloo-stuffed-bread-pakora-bread-bajji-recipe-1-1068x1423.jpeg,7,Snacks,1,3,80,{0}
148,Butter Bread Toast,name,https://www.bakepedia.com/wp-content/uploads/2013/11/toast.jpg,7,Snacks,1,3.5,160,{0}
149,Aloo Sandwitch,name,https://hebbarskitchen.com/wp-content/uploads/mainPhotos/aloo-sandwich-recipe-potato-sandwich-aloo-masala-sandwich-1-1068x1423.jpeg,7,Snacks,1,5,90,{0}
150,Veg Sandwitch,name,https://encrypted-tbn0.gstatic.com/images?q=tbn:ANd9GcQbRNtm1uPmZSsXMHkmRQ5SmeMNiYRAZ3nahzYxNzUrg3kpLiWBvg,7,Snacks,1,3.5,95,{0}
151,Cheese Grilled Sandwitch,Name,https://www.vegrecipesofindia.com/wp-content/uploads/2014/01/veg-grilled-sandwich-recipe-1.jpg,7,Snacks,1,4,150,{0}
152,Veg Salad,Name,https://realfood.tesco.com/media/images/RFO-1400x919-Roasted-veg-salad-with-cashew-dressing-mini-5d03a1f0-1c52-4662-aff4-d968f08cb5f6-0-1400x919.jpg,8,Salad,1,3,75,{0}
153,Fruit Salad,Name,https://2.bp.blogspot.com/-VDjn6bYse_c/V5__GJIUDjI/AAAAAAAAHKs/WSn1bKWv2Ewk1Z3T9Xp0AtgIhH7eD72LwCLcB/s1600/honey%2Blime%2Bfruit%2Bsalad%2B4.jpg,6,Desserts,1,3.8,90,{0}
154,Sprout Salad,Name,https://www.archanaskitchen.com/images/archanaskitchen/World_Salads/bean_sprout_corn_start_fruit_salad_recipe_shutterstock_62384413.jpg,8,Salad,1,4.7,60,{0}
155,Bundi Raita,Name,https://www.archanaskitchen.com/images/archanaskitchen/Indian_Raitas/Boondi_Raita_Recipe_Archanas_Kitchen_Yogurt_Dip_Vegetarian-1_1600.jpg,8,Salad,1,4,70,{0}
156,Mint Raita,name,https://i.ytimg.com/vi/sUZVxMPlsNc/hqdefault.jpg,8,Salad,1,4.2,80,{0}
157,Plain Raita,name,https://ritiroti.com/wp-content/uploads/2018/04/cucumber-raita-recipe-2.jpg,8,Salad,1,4.2,90,{0}
158,Manchow Soup,name,https://www.archanaskitchen.com/images/archanaskitchen/World_Asian/Vegetable_Manchow_Soup.jpg,9,Chinese,1,2,90,{0}
159,Sweet And Sour Soup,name,https://thewoksoflife.com/wp-content/uploads/2013/10/DSC_0698.jpg,9,Chinese,1,5,100,{0}
160,Sweet Corn Soup,name,https://vaya.in/recipes/wp-content/uploads/2018/03/Sweet-Corn-Soup.jpg,9,Chinese,1,3,75,{0}
161,Tomato Soup,name,https://s3.amazonaws.com/finecooking.s3.tauntonclud.com/app/uploads/2017/04/18173927/051091055_01-main.jpg,9,Chinese,1,4.3,65,{0}
162,Spinach Soup,name,https://encrypted-tbn0.gstatic.com/images?q=tbn:ANd9GcSSSAXanuBkwtIjZB-JLzh0W80aL0atxSNeJoZzP9WhLg6s594I,9,Chinese,1,3.6,110,{0}
163,Paaya Soup,name,https://flavoursrestaurants.com/wp-content/uploads/2018/02/Paaya-Soup-BD-1.400-600x600.jpg,5,Hyde,0,4.8,125,{0}
164,French Onion Soup,name,https://www.daringgourmet.com/wp-content/uploads/2014/12/Blonde-French-Onion-Soup-square-web-edited.jpg,9,Chinese,1,4.4,80,{0}
165,Lemony Greek Chicken Soup,Name,https://1.bp.blogspot.com/-RfT6Zg7yHqM/Wh2kEBkTo_I/AAAAAAADQuY/_aDYwio2fC4MxKjBYGnui0oJxvYBsSIsQCLcBGAs/s1600/low%2Bfat%2Bgreek%2Blemon%2Bchicken%2Band%2Brice%2Bsoup%2Bfont.jpg,9,Chinese,0,4,60,{0}
166,Veg Manchurian,name,https://www.vegrecipesofindia.com/wp-content/uploads/2012/05/veg-manchurian-recipe-1-500x500.jpg,9,Chinese,1,4.1,55,{0}
167,Schezwan Noodles,Name,https://www.indianhealthyrecipes.com/wp-content/uploads/2016/02/schezwan-noodles.jpg,9,Chinese,1,4,45,{0}
168,Schezwan Rice,name,https://i2.wp.com/vegecravings.com/wp-content/uploads/2018/03/Veg-Schezwan-Fried-Rice-Recipe-Step-By-Step-Instructions.jpg?w=1500,9,Chinese,1,4.5,50,{0}
169,Triple Schezwan fried Rice,name,https://hebbarskitchen.com/wp-content/uploads/mainPhotos/schezwan-rice-recipe-triple-schezwan-fried-rice-triple-schezwan-rice-26-1068x1423.jpeg,9,Chinese,1,3,80,{0}
170,Hakka Noodles,name,https://i1.wp.com/vegecravings.com/wp-content/uploads/2017/03/veg-hakka-noodles-recipe-with-step-by-step-instructions.jpg?w=1500,9,Chinese,1,3.5,160,{0}
171,Veg 65,name,https://hbomart.com/wp-content/uploads/2018/11/veg-65.jpg,9,Chinese,1,5,90,{0}
172,HongKong Rice,name,http://2.bp.blogspot.com/_jc2ZAw5kem4/TN6M3t7DVTI/AAAAAAAAFH8/OatzvaECnsQ/s1600/Olive+Fried+Rice.jpg,9,Chinese,1,3.5,95,{0}
173,Veggie Lovers Pizza,name,https://manaqeesh.com/wp-content/uploads/2017/04/Veggie-Lovers-Pizza.jpg,10,Pizza,1,4,150,{0}
174,Cheese Garlic Pizza Sticks,name,https://www.cookhalaal.com/wp-content/uploads/2018/01/CheesyGarlicPizzaSticks-original.jpg,10,Pizza,1,3,75,{0}
175,Cheese Delite Pizza,Name,http://doublediamondacres.com/wp-content/uploads/2016/10/red-delight-margherita-pizza.jpg,10,Pizza,1,3.8,90,{0}
176,Jain Pizza,name,https://www.foodiss.in/wp-content/uploads/2017/09/Vegetarian-pizza-2.jpg,10,Pizza,1,4.7,60,{0}
177,Hot n Spicy Chinese Pizza,name,http://pizzahot4u.com/wp-content/uploads/2018/05/7.jpg,10,Pizza,1,4,70,{0}
178,Chicken Barbeque Pizza,name,https://www.allrecipes.com/recipe/24878/bbq-chicken-pizza/,10,Pizza,0,4.2,80,{0}
179,Margherite Veg Pizza,name,http://www.dvo.com/recipe_pages/rhodesbread/Grilled_BBQ_Chicken_Pizza.jpg,10,Pizza,1,4.2,90,{0}
180,Red Sauce Pasta,name,https://recipes.timesofindia.com/photo/53873016.cms?imgsize=412483,10,Pizza,1,2,90,{0}
181,Arrabiata Pasta,name,https://img.taste.com.au/5mOX1ukM/taste/2016/11/arrabiata-sauce-28902-1.jpeg,10,Pizza,1,5,100,{0}
182,White Sauce Pasta,Name,https://www.tarladalal.com/members/9306/big/big_pasta_in_white_sauce-10614.jpg?size=696X905,10,Pizza,1,3,75,{0}
183,Italian Pasta,name,https://encrypted-tbn0.gstatic.com/images?q=tbn:ANd9GcSu2-N_YNr03W-gfGsRTEygzmKpFcPzrxZgjjKhzrMe7y4Qu3jjDA,10,Pizza,1,4.3,65,{0}
184,Spaghetti Pasta,name,https://i0.wp.com/media.hungryforever.com/wp-content/uploads/2015/12/09123602/ConPomodoroEBasilico151-e1449644777265.jpg?zoom=2&resize=739%2C477&ssl=1,10,Pizza,1,3.6,110,{0}
185,Apple Pie,name,https://encrypted-tbn0.gstatic.com/images?q=tbn:ANd9GcRa3G2pGedeyL1GaHOQ0AmZNZr6kXBVMio-MZgeI4JGgrLEfHYy,6,Desserts,1,4.8,125,{0}
186,Brownies,name,https://www.cookingclassy.com/wp-content/uploads/2018/01/healthier-brownies-2.jpg,6,Desserts,1,4.4,80,{0}
187,Apple Crisp,name,https://www.fifteenspatulas.com/wp-content/uploads/2015/09/FSC_3049-640x888.jpg,6,Desserts,1,4,60,{0}
188,Bread pudding,name,https://www.meals.com/imagesrecipes/28445lrg.jpg,6,Desserts,1,4.1,55,{0}
189,Fruit Pudding,name,"https://res.cloudinary.com/quintet/image/private/c_fill,g_south,h_1536,w_1536,cs_no_cmyk/go866vnmdkuctnr56z1j.jpg",6,Desserts,1,4,45,{0}
190,Butter Milk,name,https://i.ndtvimg.com/i/2015-09/buttermilk-625_625x350_51442899881.jpg,11,Beverages,1,4.5,50,{0}
191,Mango Juice,name,https://recipesbyjenn.com/wp-content/uploads/2015/10/PineappleMango-main-860x380.jpg,11,Beverages,1,3,80,{0}
192,Lemonade,Name,https://assets.epicurious.com/photos/57ced55ee6411cab70f0d948/6:4/w_620%2Ch_413/fresh-mint-and-ginger-lemonade.jpg,11,Beverages,1,3.5,160,{0}
193,Orange Juice,name,https://www.earthfoodandfire.com/wp-content/uploads/2018/04/Homemade-Orange-Juice.jpg,11,Beverages,1,5,90,{0}
194,Apple Juice,name,https://www.clubchefman.com/upload/recipe-images/applejuice-2-1000x600.jpg,11,Beverages,1,3.5,95,{0}
195,Watermelon Juice,name,https://dorina.info/wp-content/uploads/2015/06/The-Amazing-Health-Benefits-of-Watermelon-Juice.jpg,11,Beverages,1,4,150,{0}
196,Aloe vera juice,name,https://i.ndtvimg.com/i/2016-11/aloe-vera_620x350_61479457142.jpg,11,Beverages,1,3,75,{0}
197,Sugarcane juice,name,"https://timesofindia.indiatimes.com/thumb/msid-64159980,imgsize-33087,width-800,height-600,resizemode-4/64159980.jpg",11,Beverages,1,3.8,90,{0}
199,Coconut Juice,name,https://sc02.alicdn.com/kf/UTB8eDsuXgnJXKJkSaelq6xUzXXaI/Coconut-Water.jpg_350x350.jpg,11,Beverages,1,4,70,{0}
200,Kiwifruit Juice,name,https://cdn2.stylecraze.com/wp-content/uploads/2013/09/2322-8-Amazing-Benefits-Of-Kiwi-Juice-For-Skin-Hair-And-Health-is.jpg,11,Beverages,1,4.2,80,{0}
201,Pineapple juice,Name,http://kababjiarabia.com/wp-content/uploads/2017/01/freshpineapplejuice.jpg,11,Beverages,1,4.2,90,{0}
202,Strawberry juice,Name,http://s1.1zoom.me/big0/399/Berry_Strawberry_Juice_493898.jpg,11,Beverages,1,2,90,{0}
203,Beet juice (B.P),Name,https://images.lifealth.com/uploads/2017/07/beetroot-juice.jpg,11,Beverages,1,5,100,{0}
204,Carrot and orange Juice,Name,http://www.laughterandlemonade.com/wp-content/uploads/2016/02/20160102_Orange_Carrot_Juice_093-560x686@2x.jpg,11,Beverages,1,3,75,{0}
205,Mixed veg Juice,Name,https://image.freepik.com/free-photo/mixed-vegetable-juice-glass-fresh-pumpkin-broccoli-vegetable-wooden-tray_26131-63.jpg,11,Beverages,1,4.3,65,{0}
206,Cucumber Juice,name,https://s3-us-west-1.amazonaws.com/cdn.dherbs.com/wp-content/uploads/2016/10/cucumber-juice.jpg,11,Beverages,1,3.6,110,{0}
207,Rose Sharabat,name,https://c.ndtvimg.com/rose-sharbat_625x300_1526303327038.jpg?downsize=630:380&output-quality=70&output-format=webp,11,Beverages,1,4.8,125,{0}
208,Guava Juice,name,https://previews.123rf.com/images/sakdinon/sakdinon1510/sakdinon151000127/46281258-guava-juice-and-fresh-guava-isolate-on-white-background.jpg,11,Beverages,1,4.4,80,{0}
209,Pomegranate juice,name,https://i0.wp.com/www.shzboxtoday.net/wp-content/uploads/2017/07/Pomegranate-Juice-and-RA-1440x810.jpg?resize=722%2C406,11,Beverages,1,4,60,{0}
210,Ras Malai,name,https://i.ytimg.com/vi/qmooLr-IVe0/maxresdefault.jpg,6,Desserts,1,4.1,55,{0}
211,Rabadi,name,https://4.imimg.com/data4/OM/MQ/MY-36248737/rabadi-angoori-500x500.jpg,6,Desserts,1,4,45,{0}
212,Rasgulla,name,https://i.ytimg.com/vi/0wLGXbTmOKQ/maxresdefault.jpg,6,Desserts,1,4.5,50,{0}
213,Coffee,name,http://www.lilvienna.com/wp-content/uploads/Masala-Chai-Indian-Tea.jpg,11,Beverages,1,3,80,{0}
214,Tea,name,https://encrypted-tbn0.gstatic.com/images?q=tbn:ANd9GcRfKC7sXJ0bU_YvoaO-1p4oChzHsX1sJSgfVo8MIZaGo0Uk2n_h,11,Beverages,1,3.5,160,{0}
215,Masala Tea,Name,https://5.imimg.com/data5/FO/UJ/MY-25231265/premium-quality-masala-tea-500x500.png,11,Beverages,1,5,90,{0}
216,Pav Bhaji,name,https://hebbarskitchen.com/wp-content/uploads/mainPhotos/pav-bhaji-recipe-easy-mumbai-style-pav-bhaji-recipe-1-1068x1423.jpeg,7,Snacks,1,3.5,95,{0}
217,Vada Pav,Name,https://encrypted-tbn0.gstatic.com/images?q=tbn:ANd9GcTfXdgsx3SinI2m1phPByhmBadwW-jUBr3fnO8ISpXP92vy6mfoOA,7,Snacks,1,4,150,{0}
218,Misal Pav,name,https://www.vegrecipesofindia.com/wp-content/uploads/2017/05/misal-pav-recipe.jpg,7,Snacks,1,3,75,{0}
219,Poha,name,https://www.cookwithmanali.com/wp-content/uploads/2014/08/Poha-Recipe-notitle-cwm.jpg,7,Snacks,1,3.8,90,{0}
220,Aloo Pakoda,name,https://hebbarskitchen.com/wp-content/uploads/mainPhotos/aloo-pakora-recipe-potato-pakora-recipe-aloo-bajji-or-potato-bajji-1-1068x1423.jpeg,7,Snacks,1,4.7,60,{0}
221,Cheese Pav bhaji,name,https://encrypted-tbn0.gstatic.com/images?q=tbn:ANd9GcR-CzThKNsI3o1p9wLz_0f6b-HQkDEoKJmAqIlzE_VPdNdVGpD_2w,7,Snacks,1,4,70,{0}
222,Butter Pav bhaji,name,https://i.ytimg.com/vi/oRm9Mtaynl0/hqdefault.jpg,7,Snacks,1,4.2,80,{0}
223,Dabeli,name,https://i0.wp.com/www.cookingfromheart.com/wp-content/uploads/2017/06/Kutchi-Dabeli-8.jpg?resize=1024%2C680,7,Snacks,1,4.2,90,{0}
224,Veg Burger,name,https://thecozyapron.com/wp-content/uploads/2016/03/spicy-guacamole-chicken-burger_thecozyapron_03-31-16_1.jpg,7,Snacks,1,2,90,{0}
225,Chicken burger,Name,https://cdn.cpnscdn.com/static.coupons.com/ext/kitchme/images/recipes/600x400/weight-watchers-copycat-chilis-grilled-chicken_38411.jpg,7,Snacks,0,5,100,{0}
226,Veg Pulao,name,http://www.cooktube.in/wp-content/uploads/2016/10/vegetable-biryani-1.jpg,5,Hyde,1,3,75,{0}
227,Veg Biryani,name,https://hebbarskitchen.com/wp-content/uploads/2017/06/veg-biryani-in-cooker-how-to-make-vegetable-biryani-recipe-in-cooker-1-1068x1423.jpeg,5,Hyde,1,4.3,65,{0}
228,Veg steam Momos,name,https://media.hungryforever.com/wp-content/uploads/2018/11/01170204/mushroom-momos.jpg,9,Chinese,1,3.6,110,{0}
229,Paneer steam Momos,name,"https://res.cloudinary.com/swiggy/image/upload/fl_lossy,f_auto,q_auto,w_366,h_240,c_fill/t5uk5brqxemlvpd12woa",9,Chinese,1,4.8,125,{0}
230,Paneer Fried Momos,name,https://encrypted-tbn0.gstatic.com/images?q=tbn:ANd9GcTbvMQOFtGVxCbh_SxvTybS44IGZcWwYbe6PugCSybYFfqTtFSXZQ,9,Chinese,1,4.4,80,{0}
231,Chicken Steam Momos,name,https://cook.fnr.sndimg.com/content/dam/images/cook/fullset/2014/2/7/0/CC_ching-he-huang-pork-and-prawn-dumplings-recipe_s4x3.jpg.rend.hgtvcom.616.462.suffix/1391792811018.jpeg,9,Chinese,0,4,60,{0}
232,Chicken Fried Momos,Name,https://media-cdn.tripadvisor.com/media/photo-s/0b/13/78/a8/cheese-mushroom-original.jpg,9,Chinese,0,4.1,55,{0}
233,Chilly Chicken Momos,name,https://encrypted-tbn0.gstatic.com/images?q=tbn:ANd9GcTzzuaNkjwWG-Hx811Gq-maRg_GgU8BCLaES7OEkIuWdb4-gAOZ,9,Chinese,0,4,45,{0}
234,Chilly Paneer Momos,name,http://2.bp.blogspot.com/-IBQTWITpmgM/VGk6QrEW-JI/AAAAAAAAAUI/Vvs5qUQCDAM/s1600/Mushroom%2BMomo%2B1.JPG,9,Chinese,1,4.5,50,{0}
235,Fish Fried Momos,name,https://www.archanaskitchen.com/images/archanaskitchen/0-Archanas-Kitchen-Recipes/2018/Chilli_Mushroom_And_Cheese_Momo_recipe_Dimsum_Recipe-4.jpg,9,Chinese,0,3,80,{0}
236,Mushroom Momos,name,https://i.ytimg.com/vi/Khqwd7oxgak/maxresdefault.jpg,9,Chinese,1,3.5,160,{0}
237,Chilli Pakora,name,https://st2.depositphotos.com/5653638/11940/i/950/depositphotos_119400224-stock-photo-chilli-pakora-or-mirch-pakoda.jpg,7,Snacks,1,5,90,{0}
238,Paneer Pakora,name,https://hebbarskitchen.com/wp-content/uploads/mainPhotos/paneer-pakora-recipe-paneer-pakoda-how-to-make-crispy-paneer-pakora-1-1068x1423.jpeg,7,Snacks,1,3.5,95,{0}
239,Chaat Papdi,name,https://www.thespruceeats.com/thmb/x4MtkHsnRQhqHHf0lcsWTUYzKQY=/960x0/filters:no_upscale():max_bytes(150000):strip_icc():format(webp)/Papdi-Chaat-5840a8eb5f9b5851e5d7c1ef.jpg,7,Snacks,1,4,150,{0}
240,Tandoori Roti,name,https://assets.betterbutter.in/386x386/public/recipe_thumb/medium/14423167232KIe8WnTzK_thumb.jpg,12,Roti,1,3,75,{0}
241,Chilli Garlic Naan,name,http://3.bp.blogspot.com/-QQpWvFyPCOM/VgKNkMCpMlI/AAAAAAAAIhg/jD5oOo95pbg/w1200-h630-p-k-no-nu/Chilli%2BGarlic%2BNaan.JPG,12,Roti,1,3.8,90,{0}
242,Lahori Naan,Name,https://encrypted-tbn0.gstatic.com/images?q=tbn:ANd9GcRA1VOAaQKflqHfoPcDFQ2cL2OW1sI15phj77bY8ReiBtzBiN5M,12,Roti,1,4.7,60,{0}
243,Matar Paneer,name,https://hebbarskitchen.com/wp-content/uploads/2016/10/matar-paneer-recipe-restaurant-style-matar-paneer-recipe-21-769x1024.jpeg,3,Punjabi,1,4,70,{0}
244,Chilli Paneer,name,http://maunikagowardhan.co.uk/wp-content/uploads/2011/11/Chilli-Paneer.jpg,4,Starters,1,4.2,80,{0}
245,Bhindi Masala,name,https://hebbarskitchen.com/wp-content/uploads/2017/04/bhindi-fry-recipe-bhindi-ki-sabzi-bhindi-masala-dry-okra-fry-recipe-1-1068x1423.jpeg,3,Punjabi,1,4.2,90,{0}
246,Mango Lassi,name,"https://assets.bonappetit.com/photos/58c94cc584ebdb0ec55e3656/16:9/w_1200,c_limit/frozen-rum-mango-lassi.jpg",6,Desserts,1,2,90,{0}
247,Thalipeeth,name,https://www.archanaskitchen.com/images/archanaskitchen/1-Author/nithya.anantham/Methi_Thalipeeth_Recipe_Maharashtrian_Style_Mixed_Flour_Flatbread_with_Fenugreek_Leaves.jpg,7,Snacks,1,5,100,{0}
248,Veg Kofta Curry,name,https://www.archanaskitchen.com/images/archanaskitchen/1-Author/usashis-gmail.com/Kacha_Peper_Kofta_CurryGreen_Papaya_Kofta_Curry.jpg,3,Punjabi,1,3,75,{0}
249,Chana Masala,name,https://encrypted-tbn0.gstatic.com/images?q=tbn:ANd9GcRu9Y08gE8SX4BplnX5j5r8UmXpnyNBxbgei8FUOD0v9tmQKU2L,3,Punjabi,1,4.3,65,{0}
250,Aloo Paneer Masala,name,https://encrypted-tbn0.gstatic.com/images?q=tbn:ANd9GcT-I_k4T02TG7GVPpWPWIvbCfeXuJLqCmRAj0KyLVU40aK8MzV4,3,Punjabi,1,3.6,110,{0}
251,Kadai Bhindi,Name,https://images.media-allrecipes.com/userphotos/720x405/5778072.jpg,3,Punjabi,1,4.8,125,{0}
252,Mixed Vegetable Curry,name,http://photos1.blogger.com/blogger/6981/1842/1600/mixed%20vegetable%20curry.jpg,3,Punjabi,1,4.4,80,{0}
