product_id,product_name,description,image_url,collection_id,collection_name,is_veg,rating,price,ingredients,ingredients_text,is_diabetes,is_cholestrol,is_kid,is_senior
1,Fish Moilee,name,https://i2.wp.com/www.cookingcurries.com/wp-content/uploads/2016/11/Fish-Molee-Kerala-Style-Fish-Curry-with-Coconut-Milk-Kerala-Christmas-Recipes_thumb.jpg?zoom=2&resize=677%2C1015,10,Seafood,0,4,170,"{194, 345}","White fish, garlic,onion,coconut milk,vinegar",1,0,0,0
2,Karimeen Fry,name,https://5.imimg.com/data5/IO/MQ/MY-41206114/karimeen-fry-500x500.jpg,2,Main Course,0,3.5,100,"{303, 180}","Pearlspot fish, garlic,onion,tomato,red chilli,lemon juice",1,0,0,0
3,Aila Fish Curry,name,https://i.ytimg.com/vi/3iJ8ywXqiYU/hqdefault.jpg,10,Seafood,0,4.5,120,{333},"Mackerel fish,coconut grated,tamarind, tomato,shallots,red chilli",1,0,0,0
4,Kerala Chicken Roast,name,https://www.ndtv.com/cooks/images/kerala.chicken.roast%20%281%29.jpg?downsize=650:400&output-quality=70&output-format=webp,2,Main Course,0,4,130,"{79,309}","Chicken, garlic,tomato,onion,soya sauce",1,0,0,0
5,Naadan Crab Fry,name,http://healthyliving.natureloc.com/wp-content/uploads/2015/11/Traditional-Kerala-Crab-curry-or-Nadan-Njandu-Curry.jpg,10,Seafood,0,4.5,125,{116},"Crab,onion,tomato,tamarind,coconut grated,shallots, red chilli",1,0,0,0
6,Goan Curry,name,https://myfoodstory.com/wp-content/uploads/2017/08/Goan-Prawn-Curry-with-Coconut-Ambot-Tik-2.jpg,10,Seafood,0,4,80,{273},"Prawns,red chilli,garlic,tamarind,coconut milk,coconut grated, onion,tomato",1,0,0,0
7,Machha Besara,name,https://i0.wp.com/www.bhupinderkumar.com/wp-content/uploads/2017/05/anu1.jpg?zoom=2&resize=916%2C458,10,Seafood,0,3.5,100,"{194, 180}","Rohu fish,red chilli,garlic,lemon juice,mustard seeds, onion,tomato",1,0,0,0
8,Malvani Curry,name,https://www.ruchikrandhap.com/wp-content/uploads/2016/03/MalvaniMuttonCurry28329-1.jpg,10,Seafood,0,2.5,90,{303},"Fish,garlic,tamarind,coconut grated,teppal,onion",1,0,0,0
9,Bangada Fry,name,https://www.kannammacooks.com/wp-content/uploads/2015/11/pomfret-fry-recipe-vavval-meen-varuval-shallow-fry.jpg,10,Seafood,0,4,95,"{194, 358, 180}","Mackerel(bangda), garlic,lemon juice,rice flour,rava",1,0,0,0
10,Malvani Mutton Curry,name,https://www.ruchikrandhap.com/wp-content/uploads/2016/03/MalvaniMuttonCurry28329-1.jpg,2,Main Course,0,3.5,105,{221},mutton,1,0,0,0
11,Prawns Curry,name,https://i.ndtvimg.com/i/2017-10/goan-prawn-curry-recipe_620x330_51508931774.jpg,10,Seafood,0,3,150,"{358, 273}","Prawns,rice flour,onion, garlic,tomato puree,",1,0,0,0
12,Prawns Fry,name,https://i.pinimg.com/originals/42/37/78/4237787f7e2e7338c97298308fa44ce5.jpg,10,Seafood,0,4,170,"{273, 396}","Prawns, garlic,coconut,curd",1,0,0,0
13,Creamy Crab Meat,name,https://food.fnr.sndimg.com/content/dam/images/food/fullset/2009/4/14/1/FNM060109TakeIt005_s4x3.jpg.rend.hgtvcom.826.620.suffix/1371589415768.jpeg,10,Seafood,0,5,180,{116},"cream,crab",1,0,0,0
14,Crab Soup,name,"https://hips.hearstapps.com/hmg-prod.s3.amazonaws.com/images/delish-crab-bisque-horizontal-1542322699.jpg?crop=0.980xw:0.898xh;0.0204xw,0.0740xh&resize=980:*",11,Soups,0,4,200,{116},crab,1,0,0,0
15,Crab Leg Masala,name,https://i.pinimg.com/originals/c7/9d/47/c79d47fbe843c88cb7de54ecc1acfd6d.jpg,10,Seafood,0,4.5,250,{116},"Crab,onion,tomato, garlic,mustard seeds",1,0,0,0
16,Tandoori Chicken,name,https://dinnerthendessert.com/wp-content/uploads/2018/03/Tandoori-Chicken-4.jpg,2,Main Course,0,4.5,225,"{79, 366, 180}","Chicken,garlic, yogurt,lemon juice,kasturi methi",1,0,0,0
17,Mughlai Chicken,name,http://www.theflavourtrip.com/wp-content/uploads/2018/01/Chciken-Mughlai-Final-1.jpg,2,Main Course,0,3.5,175,"{79,366, 64}","Chicken,ghee,cashewnut,onion,garlic, cream",1,0,0,0
18,Chicken Lollipop,name,https://i.pinimg.com/474x/8c/2b/01/8c2b015d172f8eec08a45a6a00ebc920--indian-starter-recipes-indian-chicken-recipes.jpg,12,Starters,0,3.5,160,"{79, 345,309}","Chicken, garlic,onion,soya sauce,corn flour,vinegar,chilli sauce",1,0,0,0
19,Chicken 65,name,https://assets.betterbutter.in/386x386/pavithira-vijay0145756037056e09b318d05d.jpg,12,Starters,0,3,155,"{79, 133, 358, 396}","Chicken,corn flour,rice flour,egg white, garlic,curd,sugar",1,0,0,0
20,Chicken Fried Momos,name,https://media-cdn.tripadvisor.com/media/photo-s/0b/13/78/a8/cheese-mushroom-original.jpg,12,Starters,0,4,120,"{79, 345,309}","Refined flour,baking powder,chicken,onion,garlic,soya sauce,vinegar",1,0,0,0
21,Fish Fried Momos,name,https://www.archanaskitchen.com/images/archanaskitchen/0-Archanas-Kitchen-Recipes/2018/Chilli_Mushroom_And_Cheese_Momo_recipe_Dimsum_Recipe-4.jpg,12,Starters,0,2,140,"{333, 354, 63,311,66,53}","Wheat flour,carrots,cabbage,spring onions,beans,cauliflower,fish,sauce,onion,garlic,black pepper",1,0,0,0
22,Banana Bread Cookies,name,https://www.centercutcook.com/wp-content/uploads/2017/01/banana-bread-cookies-2.jpg,7,Desserts,0,5,80,"{133, 354, 24,49}","Brown sugar,banana,egg,wheat flour",1,0,0,0
23,Pecan Balls,name,https://d1doqjmisr497k.cloudfront.net/-/media/mccormick-us/recipes/mccormick/p/600/pecan-cookie-balls.ashx?vd=20180710T033734Z&hash=EAA67D1AEDB5EAC4D56EF957617E10FB94C176A5,12,Starters,0,3.5,90,"{133, 354}","Maida,wheat flour,pecan,egg",1,0,0,0
24,Chocolate chip carrot,name,https://www.chelsea.co.nz/files/cache/3eab732ef0411e2c1c9c243dcdcb9523_f2349.jpg,7,Desserts,0,4,100,"{133, 227, 89, 63,49}","Stevia,brown sugar,carrot,oats,maida,egg,chocolate chips",1,0,0,0
25,Cinnamon Roll cookies,name,https://images-gmi-pmc.edge-generalmills.com/c00db207-2d88-42b9-a740-784c5ad55f9d.jpg,7,Desserts,0,5,110,"{354, 227, 71,93}","Oats,wheat flour,cinnamon,milk,cheese,maple syrup",1,0,0,0
26,Carrot cake,name,https://ichef.bbci.co.uk/food/ic/food_16x9_832/recipes/classic_carrot_cake_08513_16x9.jpg,7,Desserts,0,4.5,120,"{133, 354, 260, 63}","Carrot,pineapple,egg white,wheat flour,frosting",1,0,0,0
27,Chocolate cherry poke cake,name,"https://food-fanatic-res.cloudinary.com/iu/s--F9TXhNGc--/c_thumb,f_auto,g_auto,h_1200,q_auto,w_1200/v1497563743/chocolate-cherry-cheesecake-poke-cake-photo",7,Desserts,0,4,200,{89},"Chococlate cake mix,gelatin mix,cherry,diet cola",1,0,0,0
28,Cinnamon Banana cake,name,https://img.taste.com.au/-UQjcBOe/taste/2016/11/banana-cake-with-cinnamon-cream-102945-1.jpeg,7,Desserts,0,4,120,"{366, 24,93}","Maida,cinnamon,banana,yogurt",1,0,0,0
29,Lemon cake,name,https://food.fnr.sndimg.com/content/dam/images/food/fullset/2003/9/29/0/ig1a08_lemon_cake.jpg.rend.hgtvcom.826.620.suffix/1391987296604.jpeg,7,Desserts,0,4,100,"{133, 180}","Yellow cake mix,lemon pudding and pie filling,milk,lemon,egg substitute",1,0,0,0
30,Cheesy chicken n broccoli,name,https://www.the-girl-who-ate-everything.com/wp-content/uploads/2014/10/broccoli-cheese-rice-one-pot-2a.jpg,2,Main Course,0,3,130,"{79, 42}","Chicken, broccoli florets,pimentos",1,0,0,0
31,Crock Pot Mexican Chicken Soup,name,https://www.saltandlavender.com/wp-content/uploads/2017/10/crockpot-mexican-chicken-soup-2.jpg,11,Soups,0,3,140,"{79,71}","Chicken,chicken broth,chunky salsa,cheese",1,0,0,0
32,Baked Chicken with Onions & Leeks,name,https://img.webmd.com/dtmcms/live/webmd/consumer_assets/site_images/article_thumbnails/recipes/ew_baked_chicken_with_onions_and_leeks_recipe/280x190_ew_baked_chicken_with_onions_and_leeks_recipe.jpg,2,Main Course,0,3,150,"{79, 233}","chicken,onions",1,0,0,0
33,Chicken Noodle Soup,name,https://thestayathomechef.com/wp-content/uploads/2017/10/Chicken-Noodle-Soup-10.jpg,11,Soups,0,3,160,"{79, 63}","chicken,carrots",1,0,0,0
34,Curry tuna salad,name,https://www.pbfingers.com/wp-content/uploads/2014/07/CurriedTunaSalad.jpg,5,Salad/ Raita,0,3.5,170,"{333, 294}",tuna,1,0,0,0
35,Big Kahuna Tuna Steak,name,https://i.pinimg.com/236x/9b/de/c1/9bdec15e30f4ecaed50e6e033c6ea994--tuna-steaks-truffle-oil.jpg,10,Seafood,0,3.5,200,"{333, 303, 194}",tuna,1,0,0,0
36,Green Pepper Steak,name,https://cdn.cdkitchen.com/recipes/images/2016/05/128794-6177-mx.jpg,2,Main Course,0,3.5,200,{30},"beef,green capsipum,tomatoes",1,0,0,0
37,Egg Omelette,name,https://www.seriouseats.com/recipes/images/2016/04/20160418-american-omelet-ham-and-cheese-21.JPG,1,Snacks,0,4,100,{133},"Egg,salt,pepper,chilli powder",1,0,0,0
38,Egg Bhuraji,name,https://www.cookwithmanali.com/wp-content/uploads/2014/11/Indian-Spicy-Scrambled-Eggs.jpg,1,Snacks,0,3.5,100,{133},"Egg,salt,chilli powder,onion,green chilli",1,0,0,0
39,Egg Curry,name,https://www.indianhealthyrecipes.com/wp-content/uploads/2012/11/egg-curry-recipe.jpg,2,Main Course,0,4.5,100,{133},egg,1,0,0,0
40,Chicken Barbeque Pizza,name,https://www.allrecipes.com/recipe/24878/bbq-chicken-pizza/,9,Pizza/ Pasta,0,4,80,"{79,71}","Pizza crust,barbeque sauce,barbeque sauce,onion,cheese,chicken",1,0,0,0
41,Chicken burger,name,https://cdn.cpnscdn.com/static.coupons.com/ext/kitchme/images/recipes/600x400/weight-watchers-copycat-chilis-grilled-chicken_38411.jpg,12,Starters,0,4.5,80,"{79, 133,41}","Chicken,breadcrumbs,onion,garlic,egg,pepper",1,0,0,0
42,Half fried Egg,name,https://www.seriouseats.com/recipes/images/2017/07/20170728-sunny-side-up-eggs-vicky-wasik-1500x1125.jpg,1,Snacks,0,4,80,{133},"Egg,Green Chili Paste,tomato,garlic, garam masala",1,0,0,0
43,Fish Curry With Lotus Stems,name,http://rd1universalchicken.com/wp-content/uploads/2018/11/main-qimg-4431db981b8fba6a54c4c7b185b1c7b9.jpg,10,Seafood,0,3,120,{194},"fish,lotus stems",1,1,0,0
44,Bombil Fry,name,https://i2.wp.com/jyotiscookbook.com/wp-content/uploads/2017/01/15826072_979778622127929_5317540855558010157_n.jpg?zoom=2&resize=960%2C576,10,Seafood,0,4,130,"{358, 180}","Bombil, garlic,lemon juice,rice flour,rava",1,1,0,0
45,Paplet Gravy,name,http://ksmartstatic.sify.com/cmf-1.0.0/appflow/bawarchi.com/Image/oerwEMgchahff_bigger.jpg,10,Seafood,0,2,75,"{303,345}","Pomfret fish,onion,tomato,vinegar ,garlic,ginger",1,1,0,0
46,Mori Masala,name,https://i.ytimg.com/vi/yJ76qWZwPG8/maxresdefault.jpg,10,Seafood,0,5,70,{333},"Shark fish,nutmeg,red chilli,coconut, garlic,coconut,tomato",1,1,0,0
47,Crab Meat balls,name,https://feenix.co.in/wp-content/uploads/2018/01/54f68bddd7cd0_-_mla103568_0908_crabpuffs_sxl-2.jpg,10,Seafood,0,3.5,100,"{116, 133}","Crab,flour,paprika,egg,sauce,milk,parsley",1,1,0,0
48,Chicken Stew,name,https://www.cookingclassy.com/wp-content/uploads/2017/10/chicken-stew-2.jpg,11,Soups,0,2.5,190,"{79, 68, 63}","Chicken,carrot,onion,celery,flour,potato,sweet potato,beans,cream,red pepper",1,1,0,0
49,Chicken Soup,name,https://www.halfbakedharvest.com/wp-content/uploads/2018/03/Slow-Cooker-Hearty-Chicken-Soup-1-1-500x375.jpg,11,Soups,0,4,185,"{79, 358,68, 63}","Chicken,chicken broth,celery,carrot,onion,rice",1,1,0,0
50,Dum Pukht,name,https://s3-media2.fl.yelpcdn.com/bphoto/AgjBE86_2ZDItXHWKaON9w/348s.jpg,2,Main Course,0,4.5,165,"{79,366,64,7}","Chicken,yogurt, garlic,onion,cashew,almond,ghee",1,1,0,0
51,Paaya Soup,name,https://flavoursrestaurants.com/wp-content/uploads/2018/02/Paaya-Soup-BD-1.400-600x600.jpg,11,Soups,0,4,110,{390},"Lamb trotter,Bengal Gram, garlic,green chili,elaichi",1,1,0,0
52,Lemony Greek Chicken Soup,name,https://1.bp.blogspot.com/-RfT6Zg7yHqM/Wh2kEBkTo_I/AAAAAAADQuY/_aDYwio2fC4MxKjBYGnui0oJxvYBsSIsQCLcBGAs/s1600/low%2Bfat%2Bgreek%2Blemon%2Bchicken%2Band%2Brice%2Bsoup%2Bfont.jpg,11,Soups,0,3.5,175,"{79, 133, 358, 68, 63}","Chicken,chicken broth,chicken soup base,rice,maida,lemon,onion,celery,carrot,egg yolk",1,1,0,0
53,Chicken Steam Momos,name,https://cook.fnr.sndimg.com/content/dam/images/cook/fullset/2014/2/7/0/CC_ching-he-huang-pork-and-prawn-dumplings-recipe_s4x3.jpg.rend.hgtvcom.616.462.suffix/1391792811018.jpeg,12,Starters,0,2.5,180,"{79,53,309}","Chicken,onion,garlic, maida,coriander leaves,soya sauce,cabbage,tomato",1,1,0,0
54,Apple and Thyme Chicken,name,https://www.recipegirl.com/wp-content/uploads/2008/09/apple-thyme-chicken.jpg,2,Main Course,0,4,110,"{79, 11}","apple,chicken",1,1,0,0
55,Baked salmon with lemon and garlic,name,https://www.wellplated.com/wp-content/uploads/2017/08/Healthy-Salmon-recipe-with-Garlic-Butter-600x874.jpg,2,Main Course,0,3.5,120,"{148,294}","salmon,garlic,lemon",1,1,0,0
56,Blackened Salmon,name,"https://cdn.apartmenttherapy.info/image/fetch/f_auto,q_auto,w_600,h_750,c_fit,fl_strip_profile/https://s3.amazonaws.com/pixtruder/original_images/01aa11000048014992bd4afd6892d6e5b9fe8df6",10,Seafood,0,4,160,{294},salmon,1,1,0,0
57,Asian Chicken salad,name,https://s23209.pcdn.co/wp-content/uploads/2018/07/Asian-Chicken-SaladIMG_5687.jpg,5,Salad/ Raita,0,2,170,"{79,53}","Chicken,cabbage,scallion,water chestnuts",1,1,0,0
58,Hyderabadi Marag,name,https://www.archanaskitchen.com/images/archanaskitchen/1-Author/Nusrath_Jahan/Hyderabadi_marag.jpg,2,Main Course,0,5,200,"{221,366,64, 210}","Mutton,onion, garlic,coconut dessicated,cashew,pista,yogurt,milk,cream,mint leaves",0,0,0,0
59,Gosht Pasinde,name,http://c2.hiqcdn.com//customcdn/500x500/blog/sites/default/files/images/11_3.jpg,2,Main Course,0,3.5,200,"{221, 396, 210,7}","Mutton, garlic,mint,almonds,curd,",0,0,0,0
60,Dum Biryani,name,https://i.pinimg.com/originals/93/1f/38/931f3868daed8799aec78800902b9ea3.jpg,3,Roti/ Rice,0,2.5,100,"{79, 358,366}","Chicken,yogurt, garlic,onion,lemon juice,rice,milk,ghee",0,0,0,0
61,Mutton Korma,name,https://www.ndtv.com/cooks/images/mutton.korma.jpg,2,Main Course,0,4,100,"{221, 396}","Mutton,onion,curd,garlic,ginger",0,0,0,0
62,Rogan Josh,name,https://s3-eu-west-1.amazonaws.com/thefoodmarket1/spree/blog_entry_images/15506/w850/edited-roganjoshrecipe-2.jpg?1530094072,2,Main Course,0,4.5,100,"{390,217, 63}","Lamb shanks,Maida,sour cream, tomato,onion,carrots,potato,mushroom",0,0,0,0
63,Sali Boti(Red Hot Mutton),name,https://3.bp.blogspot.com/-E7EQ5YYcQh4/WT1DnmIjdCI/AAAAAAAAMdo/IcoFebYVtCMmz_nZoG_Gh-uYvJg8aypDQCEw/s1600/IMG_0183.JPG,2,Main Course,0,4,80,"{221,345, 272}","Mutton,onion, garlic,tomato,vinegar,potato shreds",0,0,0,0
64,Apple Pie,name,https://encrypted-tbn0.gstatic.com/images?q=tbn:ANd9GcRa3G2pGedeyL1GaHOQ0AmZNZr6kXBVMio-MZgeI4JGgrLEfHYy,7,Desserts,0,3.5,100,{ 11},"Apple,Granny Smith apples,sugar,maida,shortening,butter",0,0,0,0
65,Brownies,name,https://www.cookingclassy.com/wp-content/uploads/2018/01/healthier-brownies-2.jpg,7,Desserts,0,2.5,90,"{133, 167}","Butter,sugar,eggs,vanilla extract,cocoa powder,maida,baking powder,butter,honey",0,0,0,0
66,Sheer Khurma,name,https://vaya.in/recipes/wp-content/uploads/2018/03/Sheer-Khurma.jpg,7,Desserts,2,3.5,110,"{366,280,7,123}","Milk,sugar,vermicilli,dates,raisins,almonds,pistas,ghee",0,0,0,0
67,Shahi Tukada,name,http://cdn3.foodviva.com/static-content/food-images/pudding-recipes/shahi-tukra-with-condensed-milk-recipe/shahi-tukra-with-condensed-milk-recipe.jpg,7,Desserts,2,4,120,"{366,64,7}","Bread,milk,cashew,pistas,ghee,sugar,almonds",0,0,0,0
68,Malpua,name,https://i2.wp.com/vegecravings.com/wp-content/uploads/2017/07/malpua-recipe-step-by-step-instructions-17.jpg?w=1500,7,Desserts,2,3.5,160,{366},"Maida,ghee,khoa(mava),rava,baking powder,sugar,milk,pista",0,0,0,0
69,Triple Schezwan fried Rice,name,https://hebbarskitchen.com/wp-content/uploads/mainPhotos/schezwan-rice-recipe-triple-schezwan-fried-rice-triple-schezwan-rice-26-1068x1423.jpeg,6,Chinese,1,4.5,170,"{358, 224, 68, 63,311}","Rice,noodles, spring onions, cabbage,carrots, garlic,cornflour,celery,sauce",0,0,0,0
70,Ras Malai,name,https://i.ytimg.com/vi/qmooLr-IVe0/maxresdefault.jpg,7,Desserts,2,4,200,"{71,7,292,61}","Ricotta cheese,sugar,cardamom,saffron,almond,pista,half and half",0,0,0,0
71,Rabadi,name,https://4.imimg.com/data4/OM/MQ/MY-36248737/rabadi-angoori-500x500.jpg,7,Desserts,2,4.5,200,"{7,292,61}","Milk,sugar,cardamom,saffron,almond,pista",0,0,0,0
72,Veg Biryani,name,https://hebbarskitchen.com/wp-content/uploads/2017/06/veg-biryani-in-cooker-how-to-make-vegetable-biryani-recipe-in-cooker-1-1068x1423.jpeg,3,Roti/ Rice,1,4,125,"{358, 63}","Onion, garlic,,cauliflower,cabbage,green peas,carrots,rice,green chilli,garam masala,coriander leaves",0,0,0,0
73,Masala Dosa,name,https://recipes.timesofindia.com/photo/54289752.cms,1,Snacks,1,3,80,{358},"Rice,Urad Dal,Potato,Onion,Chana dal",1,0,0,0
74,Mysore Masala Dosa,name,http://farm8.staticflickr.com/7322/9550547181_8848955222_o.jpg,1,Snacks,1,4,100,{358},"Rice,Urad dal,Poha,Potato",1,0,0,0
75,Paneer Masala Dosa,name,https://pull-revisfoodography.netdna-ssl.com/wp-content/uploads/2015/09/paneer-masala-dosa-vert.jpg,1,Snacks,1,3.5,90,"{240, 358}","Rice,Urad Dal,Potato,Paneer,Tomato",1,0,0,0
76,South Indian Platter,name,https://i.pinimg.com/736x/c9/57/a4/c957a4faf9d16471d944adb20d2e5223--indian-fat.jpg,1,Snacks,1,4,95,{358},"rice,orad dal",1,0,0,0
77,Masala Fried Idli,name,https://i.ytimg.com/vi/7lS3DdJl43o/hqdefault.jpg,1,Snacks,1,3.5,105,{358},"Rice,urad dal,poha,onion,tomato,",1,0,0,0
78,Medu Wada,name,https://hebbarskitchen.com/wp-content/uploads/2017/08/medu-vada-recipe-in-mixie-uddina-vada-medhu-vadai-ulundu-vadai-1-1068x1423.jpeg,1,Snacks,1,4.5,150,"{216,358}","Urad dal,onion, coconut pieces",1,0,0,0
79,Tomato Chutney,name,https://hebbarskitchen.com/wp-content/uploads/2016/11/tomato-chutney-1-1068x1423.jpeg,5,Salad/ Raita,1,4,170,{287},"Tomato, garlic,chili powder",1,0,0,0
80,Malpua(jaggery),name,https://i2.wp.com/vegecravings.com/wp-content/uploads/2017/07/malpua-recipe-step-by-step-instructions-17.jpg?w=1500,7,Desserts,2,4.5,125,{366},"Maida,ghee,khoa(mava),rava,baking powder,sugar,milk,pista",1,0,0,0
81,Kadhai Paneer,name,https://hebbarskitchen.com/wp-content/uploads/mainPhotos/kadai-paneer-recipe-karahi-paneer-how-to-make-kadai-paneer-gravy-1-1068x1423.jpeg,2,Main Course,1,4,80,"{240,59}","Paneer,red chilli,onion, garlic,tomato,capsicum,garam masala",1,0,0,0
82,Paneer Butter Masala,name,https://www.vegrecipesofindia.com/wp-content/uploads/2013/04/paneer-butter-masala-paneer-makhani.jpg,2,Main Course,1,3,100,"{240,64}","Paneer,butter, garlic,onion,cashew,red chilli,tomayo sauce,milk,",1,0,0,0
83,Tawa Paneer,name,https://2.bp.blogspot.com/-AD50Po9O7iY/VuAe1uzyg-I/AAAAAAAAVws/OUNg8VBdiJc/s1600/Tawa%2BPaneer%2B%25284%2529%2B-%2B1.jpg,2,Main Course,1,4,90,"{240,59}","Paneer,onion, tomato puree,capsicum,cream,garam masala",1,0,0,0
84,Spicy Achari Paneer Masala,name,https://www.archanaskitchen.com/images/archanaskitchen/1-Author/foodcoworg-gmail.com/Achari_Paneer_Masala.jpg,2,Main Course,1,3.5,95,{240},"Paneer,red chilli,onion,amchur,turmeric,mustard seeds",1,0,0,0
85,Baingan Bharata,name,https://www.ticklingpalates.com/wp-content/uploads/2016/07/baingan-bharta-recipe.jpg,2,Main Course,1,4,105,{366},"Brinjal,onion,tomato,yogurt, garlic,garam masala",1,0,0,0
86,Bhendi Masala,name,https://c.ndtvimg.com/2019-01/s3gsb3co_fffff_625x300_04_January_19.jpg,2,Main Course,1,3.5,150,{228},"Onion, garlic,Lady's finger,tomato,amchur,red chilli powder",1,0,0,0
87,Malai Kofata,name,https://www.thecuriouschickpea.com/wp-content/uploads/2018/03/malaikofta-4-735x1103.jpg,2,Main Course,1,4.5,170,"{64,280}","Onion, garlic,tomato,cashew,potato,butter,garam masala,cream,corn flour,raisins",1,0,0,0
88,Methi Malai Paneer,name,https://i.ytimg.com/vi/JzD0AblAz1A/maxresdefault.jpg,2,Main Course,1,4,185,"{240,140}","Fenugreek leaves,red pepper,paneer,coriander,tomato puree,garam masala",1,0,0,0
89,Sev Bhaji,name,https://i0.wp.com/flavouroma.com/wp-content/uploads/2017/02/sev-bhaji-recipe-featured-image.jpg?w=1000&ssl=1,2,Main Course,1,4.5,165,{173},"Onion,coconut dried, garlic,red sev,jaggery,garam masala",1,0,0,0
90,Paneer makhani,name,https://www.vegrecipesofindia.com/wp-content/uploads/2013/04/paneer-butter-masala-paneer-makhani.jpg,2,Main Course,1,4,110,"{240,140}","Paneer,tomato, garlic,butter,cream,garam masala,fenugreek leaves dry",1,0,0,0
91,Sabudana Vada,name,https://hebbarskitchen.com/wp-content/uploads/mainPhotos/sabudana-vada-recipe-how-to-make-sabudana-vada-sago-vada-sabakki-vada-2-1068x1602.jpeg,1,Snacks,1,3,175,{ 180},"Sabudana,Red Chilli Powder,potato,peanuts,lemon juice,green chilli,coriander powder",1,0,0,0
92,Samosa,name,https://i1.wp.com/vegecravings.com/wp-content/uploads/2017/03/samosa-recipe-step-by-step-instructions.jpg?w=1500,1,Snacks,1,4,180,{366},"Maida,ghee,potato,garlic, amchur,garam masala,peas",1,0,0,0
93,Butter Naan,name,https://hebbarskitchen.com/wp-content/uploads/2017/05/naan-recipe-butter-naan-recipe-homemade-naan-bread-recipe-1-1068x1423.jpeg,3,Roti/ Rice,2,3.5,110,"{3, 354, 373}",maida,1,0,0,0
94,Aloo paratha,name,https://hebbarskitchen.com/wp-content/uploads/mainPhotos/aloo-paratha-recipe-aloo-ka-paratha-recipe-alu-paratha-recipe-2-1068x1602.jpeg,1,Snacks,1,4,120,"{354,366, 272}","Wheat flour,potato,ghee,amchur,green chilli,garam masala",1,0,0,0
95,Bread Pakoda,name,https://hebbarskitchen.com/wp-content/uploads/mainPhotos/bread-pakora-recipe-aloo-stuffed-bread-pakora-bread-bajji-recipe-1-1068x1423.jpeg,1,Snacks,1,3.5,100,"{41, 272, 84}","Gram flour,bread,green chilli,salt",1,0,0,0
96,Cheese Grilled Sandwitch,name,https://www.vegrecipesofindia.com/wp-content/uploads/2014/01/veg-grilled-sandwich-recipe-1.jpg,1,Snacks,1,4.5,90,"{71, 63,41}","Bread,cheese,butter,carrot,capsicum,onion,corn,parsley",1,0,0,0
97,Veg Manchurian,name,https://www.vegrecipesofindia.com/wp-content/uploads/2012/05/veg-manchurian-recipe-1-500x500.jpg,6,Chinese,1,4,95,"{345, 63,311,53}","Cabbage,carrot,capsicum,spring onion, garlic, corn flour, maida, salt, black pepper,sauce,vinegar",1,0,0,0
98,Schezwan Noodles,name,https://www.indianhealthyrecipes.com/wp-content/uploads/2016/02/schezwan-noodles.jpg,6,Chinese,1,4.5,105,"{345, 224, 63,311,53}","Noodles,Cabbage,carrot,capsicum,spring onion,beans, garlic, sauce,vinegar",1,0,0,0
99,Hakka Noodles,name,https://i1.wp.com/vegecravings.com/wp-content/uploads/2017/03/veg-hakka-noodles-recipe-with-step-by-step-instructions.jpg?w=1500,6,Chinese,1,2.5,150,"{217,345, 224, 68, 63,311,309}","Hakka noodles,spring onion,carrot,beans,mushroom,capsicum,garlic,celery,vinegar,soya sauce,green chilli",1,0,0,0
100,Veggie Lovers Pizza,name,https://manaqeesh.com/wp-content/uploads/2017/04/Veggie-Lovers-Pizza.jpg,9,Pizza/ Pasta,1,3.5,170,"{231,71,217}","Green capsicum,olive,pizza crust,mushroom,cheese,onion,sauce",1,0,0,0
101,Cheese Garlic Pizza Sticks,name,https://www.cookhalaal.com/wp-content/uploads/2018/01/CheesyGarlicPizzaSticks-original.jpg,9,Pizza/ Pasta,1,4,125,"{71,148}","Pizza dough,garlic,butter,sauce,Monteray jack cheese,cheddar cheese,Mozzarella cheese",1,0,0,0
102,Cheese Delite Pizza,name,http://doublediamondacres.com/wp-content/uploads/2016/10/red-delight-margherita-pizza.jpg,9,Pizza/ Pasta,1,3.5,80,"{212,231,71}","capsicum,mozarella cheese,corn,tomatoes,onions,olive",1,0,0,0
103,Jain Pizza,name,https://www.foodiss.in/wp-content/uploads/2017/09/Vegetarian-pizza-2.jpg,9,Pizza/ Pasta,1,4.5,120,{71},"capsicum,cheese,corn,tomatoes",1,0,0,0
104,Hot n Spicy Chinese Pizza,name,http://pizzahot4u.com/wp-content/uploads/2018/05/7.jpg,9,Pizza/ Pasta,1,4,140,"{79,71,309}","Chicken breast, garlic,pizza crust,soya sauce,sauce,water chestnuts,onion,cheese,snow pea pods",1,0,0,0
105,Margherita Veg Pizza,name,http://www.dvo.com/recipe_pages/rhodesbread/Grilled_BBQ_Chicken_Pizza.jpg,9,Pizza/ Pasta,1,4.5,185,{71},"Pizza dough,garlic,sauce,cheese,tomato,basil",1,0,0,0
106,Red Sauce Pasta,name,https://recipes.timesofindia.com/photo/53873016.cms?imgsize=412483,9,Pizza/ Pasta,1,4,165,{256},pasta,1,0,0,0
107,Arrabiata Pasta,name,https://img.taste.com.au/5mOX1ukM/taste/2016/11/arrabiata-sauce-28902-1.jpeg,9,Pizza/ Pasta,1,3,110,"{ 180,71,256}","Garlic,tomato,sugar,oregano,lemon juice,pasta,cheese,basil",1,0,0,0
108,White Sauce Pasta,name,https://www.tarladalal.com/members/9306/big/big_pasta_in_white_sauce-10614.jpg?size=696X905,9,Pizza/ Pasta,1,4,175,{256},pasta,1,0,0,0
109,Italian Pasta,name,https://encrypted-tbn0.gstatic.com/images?q=tbn:ANd9GcSu2-N_YNr03W-gfGsRTEygzmKpFcPzrxZgjjKhzrMe7y4Qu3jjDA,9,Pizza/ Pasta,1,3.5,180,{256},pasta,1,0,0,0
110,Spaghetti Pasta,name,https://i0.wp.com/media.hungryforever.com/wp-content/uploads/2015/12/09123602/ConPomodoroEBasilico151-e1449644777265.jpg?zoom=2&resize=739%2C477&ssl=1,9,Pizza/ Pasta,1,4,110,{256},Pasta,1,0,0,0
111,Coffee(without sugar),name,http://www.lilvienna.com/wp-content/uploads/Masala-Chai-Indian-Tea.jpg,4,Beverages,1,3.5,120,{74},"Coffee powder,milk,sugar",1,0,0,0
112,Tea(without sugar),name,https://encrypted-tbn0.gstatic.com/images?q=tbn:ANd9GcRfKC7sXJ0bU_YvoaO-1p4oChzHsX1sJSgfVo8MIZaGo0Uk2n_h,4,Beverages,1,4.5,105,{74},"Tea leaves,milk,sugar",1,0,0,0
113,Dabeli,name,https://i0.wp.com/www.cookingfromheart.com/wp-content/uploads/2017/06/Kutchi-Dabeli-8.jpg?resize=1024%2C680,1,Snacks,1,4,150,"{ 180,123,268}","Red chilli,coriander powder,cumin seeds,lemon juice,garlic,potato,onion,coconut grated,pomegranate seeds,tamarind dates chutney,coriander leaves,pav,sev",1,0,0,0
114,Paneer steam Momos,name,"https://res.cloudinary.com/swiggy/image/upload/fl_lossy,f_auto,q_auto,w_366,h_240,c_fill/t5uk5brqxemlvpd12woa",12,Starters,1,4.5,170,"{240,53,309}","Paneer,,onion,garlic, maida,coriander leaves,soya sauce,cabbage,tomato",1,0,0,0
115,Paneer Fried Momos,name,https://encrypted-tbn0.gstatic.com/images?q=tbn:ANd9GcTbvMQOFtGVxCbh_SxvTybS44IGZcWwYbe6PugCSybYFfqTtFSXZQ,12,Starters,1,3.5,125,"{240,345,309}","Refined flour,baking powder,paneer,onion,garlic,soya sauce,vinegar",1,0,0,0
116,Mushroom Momos,name,https://i.ytimg.com/vi/Khqwd7oxgak/maxresdefault.jpg,12,Starters,1,4,80,"{217,311,309}","Maida,mushroom,garlic,spring onion,soya sauce,pepper",1,0,0,0
117,Paneer Pakora,name,https://hebbarskitchen.com/wp-content/uploads/mainPhotos/paneer-pakora-recipe-paneer-pakoda-how-to-make-crispy-paneer-pakora-1-1068x1423.jpeg,12,Starters,1,3.5,120,{240},"Paneer,gram flour,garlic, red chilli powder,green chilli",1,0,0,0
118,Chilli Garlic Naan,name,https://encrypted-tbn0.gstatic.com/images?q=tbn:ANd9GcRA1VOAaQKflqHfoPcDFQ2cL2OW1sI15phj77bY8ReiBtzBiN5M,3,Roti/ Rice,2,4.5,140,"{133, 366,7,61,86,148}","Flour,chickpea flour,ghee,sugar,almond,egg yolk,baking soda,cardamom,nutmeg",1,0,0,0
119,Matar Paneer,name,https://hebbarskitchen.com/wp-content/uploads/2016/10/matar-paneer-recipe-restaurant-style-matar-paneer-recipe-21-769x1024.jpeg,2,Main Course,1,4,185,{240},"Paneer,green peas,onion, garlic,tomato,red pepepr,green chilli",1,0,0,0
120,Chilli Paneer,name,http://maunikagowardhan.co.uk/wp-content/uploads/2011/11/Chilli-Paneer.jpg,12,Starters,1,3.5,165,"{240,345,311,309,59,86}","Corn flour,maida, garlic,pepper,paneer,red chilli powder,green chilli,spring onion,capsicum,soya sauce,sauce,vinegar",1,0,0,0
121,Mini eclair bites,name,https://irepo.primecp.com/2016/09/298358/EDR-Mini-Eclair-Bites_ArticleImage-CategoryPage_ID-1856969.jpg?v=1856969,7,Desserts,2,4.5,110,{337},"Graham cracker crumbs, vanilla pudding mix,milk,confectioner's sugar",1,0,0,0
122,Golden apple treat,name,https://i.pinimg.com/originals/fe/46/f6/fe46f69283f2bdcfc7a6ad353ba4453e.jpg,7,Desserts,2,4,175,"{ 11,336,49,93}","Apple,brown sugar,cinnamon,vanilla ice cream,brown sugar",1,0,0,0
123,Summer's Best Peach Crumble,name,http://irepo.primecp.com/2016/01/250922/EDR-Summers-Best-Peach-Crumble-OR_Large400_ID-1361273.jpg?v=1361273,7,Desserts,2,4.5,180,"{49,93,249}","Peach,brown sugar,cinnamon graham crackers",1,0,0,0
124,Creamy Dreamy Banana Pie,name,https://irepo.primecp.com/2015/11/245377/EDR-Creamy-Dreamy-Banana-Pie_ArticleImage-CategoryPage_ID-1295256.jpg?v=1295256,7,Desserts,2,4,110,"{ 24,337}","Banana,milk,vanilla pudding mix,graham cracker pie crust",1,0,0,0
125,Turmeric ginger orange smoothie,name,https://www.theendlessmeal.com/wp-content/uploads/2017/01/Winter-Detox-Orange-Ginger-Turmeric-Smoothie-680.jpg,4,Beverages,2,3,120,{235},"orange, turmeric",1,0,0,0
126,Blackberry peach salad,name,https://www.onceuponachef.com/images/2010/06/Peaches-and-Berries-with-Lemon-Mint-Syrup-575x421.jpg,5,Salad/ Raita,1,4.5,105,"{235,249}","blackberry,peach,orange",1,0,0,0
127,Vegetable Kothu Chapathi,name,https://farm9.staticflickr.com/8790/17403891078_afaaa20b79_o.jpg,3,Roti/ Rice,1,3.5,150,{ 63},"carrot,beans,coconut,tomatoes",1,0,0,0
128,Spiced carrot & lentil soup,name,https://www.bbcgoodfood.com/sites/default/files/styles/recipe/public/recipe_images/recipe-image-legacy-id--1074500_11.jpg?itok=IwEifJO_,11,Soups,1,4.5,170,"{ 63,86}","carrots,paprika,masoor dal",1,0,0,0
129,Masala missi roti,name,http://cdn3.foodviva.com/static-content/food-images/north-indian-recipes/missi-roti/missi-roti.jpg,3,Roti/ Rice,1,4,125,{354},"besan,wheat flour",1,0,0,0
130,Chinese stir fried peas and greens,name,"https://img.sndimg.com/food/image/upload/fl_progressive,c_fill,q_80,w_412,h_232/v1/img/recipes/49/87/27/8ksK93vaQ7yvvU3MrdOa-IMG_0783.JPG",6,Chinese,1,4.5,80,"{354, 244}","parmesan,paprika,margarine,wheat bread,italian seasoning",1,0,0,0
131,Italian pita crisps,name,"https://img.sndimg.com/food/image/upload/fl_progressive,c_fill,q_80,w_412,h_232/v1/img/recipes/49/87/27/8ksK93vaQ7yvvU3MrdOa-IMG_0783.JPG",9,Pizza/ Pasta,1,4,120,"{354, 244,84}","parmesan,paprika,margarine,wheat bread,italian seasoning",1,0,0,0
132,3-ingredient peanut butter cookie,name,https://www.jocooks.com/wp-content/uploads/2018/06/3-ingredient-peanut-butter-cookies-1.jpg,7,Desserts,2,3,140,{133},"Splenda,peanut butter,egg",1,0,0,0
133,English muffin cheese pizza,name,https://www.tasteofhome.com/wp-content/uploads/2017/10/English-Muffin-Pizza-Joes_exps3923_KAC2379526C05_16_4b.jpg,9,Pizza/ Pasta,1,3.5,185,{212},"mozarella cheese,pepperini sausage,pizza sauce",1,0,0,0
134,Malai Korma,name,https://i.ytimg.com/vi/GTO5YSYhYoE/hqdefault.jpg,2,Main Course,1,4.5,165,"{366,64}","Cream,onion,tomato,garlic, cashew,ghee",1,0,0,0
135,Sugar free Sheer Khurma,name,https://vaya.in/recipes/wp-content/uploads/2018/03/Sheer-Khurma.jpg,7,Desserts,1,4,110,"{366,280,7,123,74}","Milk,sugar,vermicilli,dates,raisins,almonds,pistas,ghee",1,0,0,0
136,Puri Bhaji,name,https://media-cdn.tripadvisor.com/media/photo-s/0f/86/a8/e0/puri-bhaji.jpg,1,Snacks,1,4.5,175,"{3, 354}","Potato,onion,urad dal,ginger",1,0,0,0
137,Chole Bhature,name,https://s3.scoopwhoop.com/anj/image/f39c4ea6-add8-454b-8007-5b5e95f2fed3.jpg,1,Snacks,1,4,180,"{354, 180, 383}","Chickpeas,onion,tomato, garlic,lemon juice,butter,maida,yeast,wheat flour",1,0,0,0
138,Sweet Corn Upama,name,https://www.archanaskitchen.com/images/archanaskitchen/1-Author/Roop/Traditional_Rava_Upma.jpg,1,Snacks,1,3,110,{321},"Sweet corn,Rava",0,1,0,0
139,Avial,name,https://i.ndtvimg.com/i/2018-02/aviyal_620x350_81517900508.jpg?downsize=650:400&output-quality=70&output-format=webp,2,Main Course,1,3.5,120,"{366,274}","Drumsticks,ash gourd,pumpkin,yogurt,coconut",0,1,0,0
140,Curd Rice,name,https://www.indianhealthyrecipes.com/wp-content/uploads/2015/03/curd-rice.jpg,3,Roti/ Rice,1,4.5,110,"{358, 396, 63}","Rice,curd,urad dal,chana dal, milk,carrot,red chili",0,1,0,0
141,Tomato Rice,name,https://recipes.timesofindia.com/photo/54673775.cms?imgsize=320474,3,Roti/ Rice,1,4,120,"{358, 287}","Rice,onion,tomato, garlic",0,1,0,0
142,Coconut Rice,name,https://www.indianhealthyrecipes.com/wp-content/uploads/2015/03/coconut-rice-1-500x447.jpg,3,Roti/ Rice,1,4.5,160,{358},"Rice,Coconut milk",0,1,0,0
143,Tamarind Rice,name,https://www.vegrecipesofindia.com/wp-content/uploads/2016/10/tamarind-rice-recipe-1.jpg,3,Roti/ Rice,1,4,170,"{358, 326}","Rice,tamarind,urad dal,chana dal,red chilli",0,1,0,0
144,Sesame Rice,name,https://s3.amazonaws.com/finecooking.s3.tauntonclud.com/app/uploads/2017/04/18185446/051115012-01-sesame-rice-recipe-main.jpg,3,Roti/ Rice,1,3,200,"{358, 311}","Rice,spring onion,sesame seeds",0,1,0,0
145,Hyderabadi Veg Biryani,name,https://www.indianhealthyrecipes.com/wp-content/uploads/2013/03/hyderabadi-vegetable-dum-biryani-recipe.jpg,3,Roti/ Rice,1,3.5,200,"{358, 366, 210}","Rice,masoor dal,onion, garlic,mint leaves,ghee",0,1,0,0
146,Carrot Halwa,name,https://www.vegrecipesofindia.com/wp-content/uploads/2017/11/gajar-ka-halwa-recipe-04.jpg,7,Desserts,2,4.5,125,"{366, 63,280}","Carrot,ghee,milk,sugar,raisins",0,1,0,0
147,Badam Halwa,name,https://www.boldsky.com/img/2017/10/600x450-17-1508236469.jpg,7,Desserts,2,4,105,"{366,7,292}","Almond,saffron,ghee,sugar",0,1,0,0
148,Cham cham,name,https://3.bp.blogspot.com/-CvBqMiFHg2k/WBKjs9jGvwI/AAAAAAAAj5k/qDidtHBh708HF7Dxt4daZPdBEFg49EY3wCLcB/s640/IMG_4113.JPG,7,Desserts,2,4.5,150,{ 180},"Milk,lemon juice,sugar,corn flour,khoa,coconut shredded,elaichi,figs",0,1,0,0
149,Gulab Jamun,name,https://encrypted-tbn0.gstatic.com/images?q=tbn:ANd9GcSSAcWOMUl-bzWfANi2AkTWS6-jNKOglL2N21tmZD6UpXASdFOQ,7,Desserts,2,4,170,"{366,280,7,61}","Milk powder,maida,ghee,baking powder,almonds,pista,raisins,sugar,ground cardamom",0,1,0,0
150,Schezwan Rice,name,https://i2.wp.com/vegecravings.com/wp-content/uploads/2018/03/Veg-Schezwan-Fried-Rice-Recipe-Step-By-Step-Instructions.jpg?w=1500,6,Chinese,1,3,125,"{358, 68, 63,311,53}","Rice,french beans, carrot, capsicum, cabbage, celery,Spring Onion,garlic,sauce",0,1,0,0
151,HongKong Rice,name,http://2.bp.blogspot.com/_jc2ZAw5kem4/TN6M3t7DVTI/AAAAAAAAFH8/OatzvaECnsQ/s1600/Olive+Fried+Rice.jpg,6,Chinese,1,3.5,80,"{133, 358, 311}","rice,spring onion,alfalfa sprouts,eggs,pepper",0,1,0,0
152,Lemonade,name,https://assets.epicurious.com/photos/57ced55ee6411cab70f0d948/6:4/w_620%2Ch_413/fresh-mint-and-ginger-lemonade.jpg,4,Beverages,2,4.5,120,{ 180},"Lemon juice,sugar",0,1,0,0
153,Sugarcane juice,name,"https://timesofindia.indiatimes.com/thumb/msid-64159980,imgsize-33087,width-800,height-600,resizemode-4/64159980.jpg",4,Beverages,2,4,140,"{180}","Sugarcane juice,lemon juice,ginger",0,1,0,0
154,Rasgulla,name,https://i.ytimg.com/vi/0wLGXbTmOKQ/maxresdefault.jpg,4,Beverages,2,4.5,185,{ 180},"Milk,lemon juice,refined flour,sugar syrup",0,1,0,0
155,Coffee,name,http://www.lilvienna.com/wp-content/uploads/Masala-Chai-Indian-Tea.jpg,4,Beverages,2,4,165,"{203,313,401}","Coffee powder,milk,sugar",0,1,0,0
156,Tea,name,https://encrypted-tbn0.gstatic.com/images?q=tbn:ANd9GcRfKC7sXJ0bU_YvoaO-1p4oChzHsX1sJSgfVo8MIZaGo0Uk2n_h,4,Beverages,2,3,105,"{203,313,402}","Tea leaves,milk,sugar",0,1,0,0
157,Veg Pulao,name,http://www.cooktube.in/wp-content/uploads/2016/10/vegetable-biryani-1.jpg,3,Roti/ Rice,1,4.5,150,"{358, 63}","Rice,peas, carrot, green beans, cauliflower,vegetable broth,garlic,onion,",0,1,0,0
158,Mango Lassi,name,"https://assets.bonappetit.com/photos/58c94cc584ebdb0ec55e3656/16:9/w_1200,c_limit/frozen-rum-mango-lassi.jpg",4,Beverages,2,4,170,"{366, 195}","Mango pulp,yogurt,milk,sugar,pista,elaichi",0,1,0,0
159,Rice,name,https://static01.nyt.com/images/2018/02/21/dining/00RICEGUIDE8/00RICEGUIDE8-threeByTwoMediumAt2X.jpg,3,Roti/ Rice,2,4.5,125,{358},Rice,0,1,0,0
160,Jeera Rice,name,https://myfoodstory.com/wp-content/uploads/2018/07/Perfect-Jeera-Rice-Indian-Cumin-Rice-4.jpg,3,Roti/ Rice,2,4,80,{358},"Rice,Jeera",0,1,0,0
161,Parmesan Potato Pancakes,name,http://www.nationnews.com/IMG/742/80742/parmesan-potato-pancakes5512-450x303.gif?1516899674,7,Desserts,0,3,120,"{71, 272}","Onion,garlic,pepper,potato,cheese,basil",0,1,0,0
162,Ginger-Chocolate Chunk Ice Cream Sandwiches,name,https://cdn-img.health.com/sites/default/files/styles/master_4_3/public/1486564649/ginger-chocolate-chunk-ice-cream-sandwiches-video.jpg?itok=ZsGa1Whf,7,Desserts,2,3.5,140,"{122, 90,336}","Vanilla ice-cream,dark chocolate, chocolate wafer cookies",0,1,0,0
163,Morning Glory Muffins,name,https://www.allrecipes.com/recipe/20995/easy-morning-glory-muffins/,7,Desserts,2,4.5,185,"{133, 11, 63,280}","Maida,sugar,baking soda,carrot,raisins,walnut,apple,flaked coconut,eggs",0,1,0,0
164,Plain Dosa,name,https://www.vegrecipesofindia.com/wp-content/uploads/2018/11/plain-dosa-recipe-1a.jpg,1,Snacks,1,4,165,{358},"Rice,Urad Dal",1,1,0,0
165,Rava Dosa,name,http://cdn1.foodviva.com/static-content/food-images/south-indian-recipes/rava-dosa/rava-dosa.jpg,1,Snacks,1,4.5,105,{358},"Rava,Rice flour,Maida,Onion",1,1,0,0
166,Ragi/ Nachani Dosa,name,http://www.smithakalluraya.com/wp-content/uploads/2014/11/fermented-ragi-dosa-nachni-dosa-fingermillet-crepe.1024x1024-6.jpg,1,Snacks,1,4,150,"{358, 396,279}","Nachani/ Ragi flour,Rice flour,Sour curd,Onion",1,1,0,0
167,Oats Masala Dosa,name,http://cdn1.foodviva.com/static-content/food-images/south-indian-recipes/rava-dosa/rava-dosa.jpg,1,Snacks,1,3,170,{358},"Rava,Rice flour,Maida,Onion",1,1,0,0
168,Moongdal Dosa,name,http://www.smithakalluraya.com/wp-content/uploads/2014/11/fermented-ragi-dosa-nachni-dosa-fingermillet-crepe.1024x1024-6.jpg,1,Snacks,1,4,125,"{358, 396,213}","Moong dal, Ragi flour,Rice flour,Sour curd,Onion",1,1,0,0
169,Ragi Idli,name,https://www.whiskaffair.com/wp-content/uploads/2017/03/Ragi-Idli-800x1198.jpg,1,Snacks,1,3,80,{358},"Rice,urad dal,poha,ragi flour",1,1,0,0
170,Dal Wada,name,http://cdn2.foodviva.com/static-content/food-images/snacks-recipes/masala-vada-chan-dal/masala-vada-chana-dal.jpg,1,Snacks,1,4.5,120,"{216,70,213}","Chana dal,urad dal,moong dal,onion",1,1,0,0
171,Uttapam,name,https://www.archanaskitchen.com/images/archanaskitchen/1-Author/kitchennandoos/vegetable_uttapam_.jpg,1,Snacks,1,4,140,{358},"Rice,urad dal,onion,tomato",1,1,0,0
172,Carrot Uttapam,name,https://balancenutritiononline.com/wp-content/uploads/2017/11/Carrot-Uttapam-1300x1300.jpg,1,Snacks,1,4.5,185,"{358, 63}","Rice,urad dal,onion,carrot",1,1,0,0
173,Ragi Uttapam,name,https://www.sanjeevkapoor.com/UploadFiles/RecipeImages/Instant-Ragi-Uttapam-Turban-Tadka-FoodFood.jpg,1,Snacks,1,4,165,"{279,358}","Ragi flour,Rice flour,onion",1,1,0,0
174,Mysore dosa,name,https://www.vegrecipesofindia.com/wp-content/uploads/2013/05/mysore-masala-dosa-recipe-2-500x375.jpg,1,Snacks,1,3,110,{358},"Rice,tomato,capsicum",1,1,0,0
175,Oats Uttapam,name,https://i.ndtvimg.com/i/2017-10/uttapam-recipes_806x605_81507637803.jpg,1,Snacks,1,4.5,120,{227},"oats,rava,gram flour,onion,tomato",1,1,0,0
176,Vermicelli Upama,name,https://nishkitchen.com/wp-content/uploads/2016/09/vermicelli-upma-3B.jpg,1,Snacks,1,4,160,{ 63},"Vermicelli,urad dal,onion,beans,carrot",1,1,0,0
177,Wheat upama,name,"https://www.tarladalal.com/members/9306/big/big_broken_wheat_upma,_healthy_breakfast_recipe-13463.jpg?size=696X905",1,Snacks,1,3,170,{ 63},"Broken wheat,onion,carrot",1,1,0,0
178,Coconut Chutney,name,https://www.tarladalal.com/members/9306/big/big_coconut_chutney_(_mumbai_roadside_recipes)-8298.jpg?size=696X905,1,Snacks,1,4,200,"{103,70,151}","Coconut,chana dal,ginger",1,1,0,0
179,Onion Chutney,name,https://hebbarskitchen.com/wp-content/uploads/2017/06/onion-chutney-recipe-south-indian-onion-chutney-for-idli-dosa-1-1068x1423.jpeg,1,Snacks,1,3.5,200,{233},"Onion,chana dal,urad dal,tamarind",1,1,0,0
180,Coriander Chutney,name,https://i1.wp.com/vegecravings.com/wp-content/uploads/2016/12/coriander-tomato-chutney-recipe-step-by-step-instructions.jpg?w=1500,1,Snacks,1,4.5,125,{107},Coriander leaves,1,1,0,0
181,Pudina Chutney,name,https://simpleindianrecipes.com/portals/0/sirimages/mint%20chutney%20M.JPG,1,Snacks,1,4,120,"{366, 210,107}","Mint leaves,coriander leaves, garlic,yogurt,amchur",1,1,0,0
182,Mirchi Ka Salan,name,https://www.archanaskitchen.com/images/archanaskitchen/Indian_Vegetables_Gravy/Mirchi_Ka_Salan_Recipe_Chillies_in_Tangy_Spicy_Peanut_Sesame_Curry-2.jpg,2,Main Course,1,3,100,{86},"Peanuts,coconut dessciated,onion, garlic,mustard,tamarind",1,1,0,0
183,Qabooli Biryani,name,"https://www.tarladalal.com/members/9306/big/big_qabooli_biryani,_hyderabadi_chana_dal_biryani-12679.jpg?size=696X905",3,Roti/ Rice,1,4,90,"{358, 366, 210, 383}","Rice,chana dal,onion, garlic,yogurt,mint leaves",1,1,0,0
184,Aloo chaat,name,https://www.vegrecipesofindia.com/wp-content/uploads/2018/07/aloo-chaat-recipe-2.jpg,12,Starters,1,3.5,95,"{ 180, 272}","Coriander,green chilli,potato,onion,chaat masala,lemon juice,tamarind chutney",1,1,0,0
185,Aloo Gobi Masala,name,https://hebbarskitchen.com/wp-content/uploads/2016/12/aloo-gobi-masala-recipe-how-to-make-aloo-gobi-curry-restaurant-style-16-769x1024.jpeg,2,Main Course,1,4.5,105,"{85, 66, 272}","Onion, garlic,coconutt milk,tomato,garbanzo beans,cauliflower,gold pepper,cayenne pepper",1,1,0,0
186,Palak Paneer,name,https://recipesinhindi.net/wp-content/uploads/2018/06/palak-paneer-recipe-1.jpeg,2,Main Course,1,4,150,"{240,310}","Paneer,spinach, garlic,tomato puree,onion,red pepper,cream",1,1,0,0
187,Aloo Matar,name,https://hebbarskitchen.com/wp-content/uploads/mainPhotos/aloo-matar-recipe-aloo-mutter-recipe-alu-matar-recipe-1-1068x1423.jpeg,2,Main Course,1,3,170,{ 272},"Potato,green peas,onion, garlic,tomato,garam masala",1,1,0,0
188,Dum Aloo,name,https://vaya.in/recipes/wp-content/uploads/2017/12/Kashmiri_dum_aloo.jpg,2,Main Course,1,4,105,"{ 396, 64, 272}","Potato,onion,tomato,cashew, garlic,curd,garam masala",1,1,0,0
189,Dahi Kabab,name,http://www.yummyfoodrecipes.in/resources/picture/org/How-to-make-Dahi-Ke-Kabab.jpg,12,Starters,1,3.5,150,{366},"Chickpea flour,yogurt,onion,ghee,coriander leaves",1,1,0,0
190,Dal Fry,name,https://encrypted-tbn0.gstatic.com/images?q=tbn:ANd9GcRgQ-vlTT0inB8JTd7dgWwDGhxfGFtdt2hB9f9sYLRpIfwrS9B-,2,Main Course,1,4.5,170,{366},"Onion, garlic,toor dal,tomato,red chilli,ghee,garam masala",1,1,0,0
191,Dal Tadaka,name,https://3.bp.blogspot.com/-2Cm-zbTzQTw/WqAReQMp68I/AAAAAAAAwyI/vq3ifW9IiZ8sayg4oTLq9yQ1K6uCV2kxACLcBGAs/s1600/Dal-tadka-recipe.jpg,2,Main Course,1,4,125,"{213,287}","Onion, garlic,moong dal,tomato,green chilli",1,1,0,0
192,Bhendi Fry,name,https://hebbarskitchen.com/wp-content/uploads/2017/04/bhindi-fry-recipe-bhindi-ki-sabzi-bhindi-masala-dry-okra-fry-recipe-1-1068x1423.jpeg,2,Main Course,1,3,80,{228},"Onion, garlic,Lady's finger,tomato,amchur,garam masala",1,1,0,0
193,Aloo Tikki,name,https://www.vegrecipesofindia.com/wp-content/uploads/2018/12/aloo-tikki-recipe-1.jpg,12,Starters,1,4,120,"{ 396, 210}","Potato,onion,peas, ground spice,maida,curd,mint chutney",1,1,0,0
194,Baby Corn Masala,name,https://hebbarskitchen.com/wp-content/uploads/mainPhotos/baby-corn-masala-recipe-baby-corn-gravy-baby-corn-curry-2-1068x1423.jpeg,2,Main Course,1,3.5,140,{18},"Baby corn cobs, garlic,onion,tomato,garam masala",1,1,0,0
195,Kadai Mushroom,name,http://maayeka.com/wp-content/uploads/2016/03/019-kadai-Mushroom-sabzi-1.jpg,2,Main Course,1,4.5,185,"{64,217,59}","Mushroom,red chilli, garlic,onion,tomato,cashew,capsicum,garam masala",1,1,0,0
196,Masoor Dal,name,https://www.archanaskitchen.com/images/archanaskitchen/0-Archanas-Kitchen-Recipes/2018/Recipe_For_Beginners_One_Pot_Tadkewali_Masoor_Dal_Recipe-1.jpg,2,Main Course,1,4,165,{70},Masoor dal,1,1,0,0
197,Matar Mushroom,name,https://www.archanaskitchen.com/images/archanaskitchen/1-Author/Waagmi_Soni/matar-mushroom-curry-recipe.jpg,2,Main Course,1,3,170,{217},"Mushroom,frozen peas,onion,tomato, garlic,garam masala",1,1,0,0
198,Mushroom Masala,name,https://hebbarskitchen.com/wp-content/uploads/2017/03/mushroom-curry-recipe-mushroom-masala-recipe-mushroom-gravy-2-1068x1423.jpeg,2,Main Course,1,4,200,"{217,7}","Mushroom,onion,tomato, garlic,garam masala,almond,cream",1,1,0,0
199,Chole,name,https://www.cookwithmanali.com/wp-content/uploads/2014/03/punjabi-chole-masala-1-notitle-cwm.jpg,2,Main Course,1,3.5,200,{383},chole,1,1,0,0
200,Chana masala,name,https://www.seriouseats.com/recipes/images/2016/03/20160328-channa-masala-recipe-6-1500x1125.jpg,2,Main Course,1,4.5,125,{383},Chana,1,1,0,0
201,Rajma,name,http://maunikagowardhan.co.uk/wp-content/uploads/2018/02/Kashmiri-Rajma-Masala-2-700x467.jpg,2,Main Course,1,4,120,"{177, 366}","Rajma, Onion, garlic,garam masala,red kidney beans,ghee,red pepper,coriander",1,1,0,0
202,Sabudana Khichadi,name,https://www.ruchiskitchen.com/wp-content/uploads/2017/02/sabudana-khichdi-4.jpg,1,Snacks,1,4.5,100,{ 180},"Sabudana, potato,peanuts,lemon juice,green chilli",1,1,0,0
203,Veggie Samosa,name,https://www.cbc.ca/stevenandchris/content/images/veggie-samosas.jpg,1,Snacks,1,4,90,"{272, 321,160}","peas,potatoes,maida,corn",1,1,0,0
204,Stuffed Capsicum,name,http://images.kglobalservices.com/www.kelloggs.com.au/en_au/recipe/recipe_6595715/recip_img-6596623_kelloggs-stuffed-capsicums.jpg,2,Main Course,1,3,95,"{240,64,71,280,59}","Paneer,capsicum,potato,cashew,raisins,amchur,onion, cheese,green chilli",1,1,0,0
205,Veg Cutlet,name,https://hebbarskitchen.com/wp-content/uploads/2018/07/veg-cutlet-recipe-vegetable-cutlet-recipe-easy-veg-cutlet-recipe-1-1068x1602.jpeg,1,Snacks,1,3.5,105,"{64,33,41}","Potato,french beans,peas,beetroot, onion,maida,bread,cashew,green chilli",1,1,0,0
206,Veg Seekh Kabab,name,https://www.indianhealthyrecipes.com/wp-content/uploads/2016/06/veg-seekh-kabab-recipe.jpg,1,Snacks,1,4.5,150,"{ 63,53}","French beans,carrot,cabbage,peas,gram flour, garlic,potato,corn,chaat masala",1,1,0,0
207,Beetroot Halwa,name,https://priyakitchenette.com/wp-content/uploads/2016/08/beetroot-halwa.jpg,7,Desserts,2,4,170,"{366,64,33,280}","Beetroot,milk,sugar,ghee,elaichi,cashew,raisins",1,1,1,1
208,Badam Dry Fruit Ladoo,name,https://images-na.ssl-images-amazon.com/images/I/91Kibg8iOuL._SX679_.jpg,7,Desserts,2,4.5,105,"{366,64,280,7,123}","Raisins,ghee,dates,pista,cashew,almonds,elaichi powder",1,1,1,0
209,Gulab Jamun(sugar free),name,https://encrypted-tbn0.gstatic.com/images?q=tbn:ANd9GcSSAcWOMUl-bzWfANi2AkTWS6-jNKOglL2N21tmZD6UpXASdFOQ,7,Desserts,2,4,150,"{366,280,7,61,74}","Milk powder, maida, ghee, baking powder, almonds, pista, raisins, sugar free, ground cardamom",1,1,1,1
210,Moong Dal Halwa,name,https://assets.betterbutter.in/386x386/public/recipe_thumb/medium/1448883274POEF2CbHl7_thumb.jpg,2,Main Course,2,3,170,"{366,7,213,70}","Moong dal,ghee,sugar,milk,almonds,elaichi",1,1,1,1
211,Walnut Halwa,name,https://i.ndtvimg.com/i/2016-10/halwa_625x350_51477568262.jpg,7,Desserts,2,3.5,125,"{292,61,123}","Walnut,sugar,Cucumber seeds,Cardamom powder,,Saffron,dates,milk",1,1,1,1
212,Pumpkin Halwa,name,https://www.harighotra.co.uk/images/recipes/hero/Pumpkin-halwa-hero.jpg,7,Desserts,2,4,80,"{366,64,7,274}","Condensed Milk,Milk,cashew,pista,almonds,Pumpkin ,Desiccated Coconut
,ghee,elaichi powder",1,1,1,1
213,Plain Paratha,name,https://www.vegrecipesofindia.com/wp-content/uploads/2010/06/plain-paratha-recipe-1.jpg,3,Roti/ Rice,2,3,120,"{354, 366}","Wheat flour,salt,ghee",1,1,1,1
214,Rumali Roti,name,https://hebbarskitchen.com/wp-content/uploads/2016/09/rumali-roti-1-1068x1423.jpeg,3,Roti/ Rice,2,4,140,"{3, 354}",maida,1,1,1,1
215,Naan,name,https://www.jocooks.com/wp-content/uploads/2011/04/naan-bread-1.jpg,3,Roti/ Rice,2,3.5,185,"{3, 354}",maida,1,1,1,1
216,Tawa Roti,name,http://www.yaarandaaddasaddaadda.com/wp-content/uploads/2018/06/Tawa-Roti.jpg,3,Roti/ Rice,2,4.5,165,"{3, 354}",wheat,1,1,1,1
217,Gobi Paratha,name,https://hebbarskitchen.com/wp-content/uploads/mainPhotos/gobi-paratha-recipe-gobi-ka-paratha-gobhi-paratha-recipe-1-1068x1423.jpeg,3,Roti/ Rice,1,4,200,"{354,366, 66}","Wheat flour,cauliflower,ghee,amchur,green chilli,garam masala",1,1,0,0
218,Onion Paratha,name,https://hebbarskitchen.com/wp-content/uploads/2016/12/paneer-paratha-recipe-how-to-make-paneer-paratha-25-1068x1423.jpeg,3,Roti/ Rice,1,4,125,"{240, 354,366,233}","Wheat flour,paneer,ghee,amchur,green chilli,garam masala",1,1,0,0
219,Methi Paratha,name,https://hebbarskitchen.com/wp-content/uploads/2017/08/onion-paratha-recipe-pyaz-ka-paratha-recipe-pyaaz-paratha-1-1068x1423.jpeg,3,Roti,1,3.5,100,{140},"Wheat flour,onion,ghee,amchur,green chilli,garam masala",1,1,0,0
220,Butter Bread Toast,name,https://hebbarskitchen.com/wp-content/uploads/2017/04/methi-paratha-recipe-methi-ka-paratha-fenugreek-paratha-recipe-1-1068x1423.jpeg,1,Snacks,1,4.5,105,"{354,366, 140}","Wheat flour,fenugreek leaves,ghee,amchur,green chilli,garam masala",1,1,0,0
221,Aloo Sandwitch,name,https://hebbarskitchen.com/wp-content/uploads/mainPhotos/aloo-sandwich-recipe-potato-sandwich-aloo-masala-sandwich-1-1068x1423.jpeg,1,Snacks,1,4,150,{ 272},"Bread,potato,chilli powder,onion,butter",1,1,0,0
222,Veg Sandwitch,name,https://encrypted-tbn0.gstatic.com/images?q=tbn:ANd9GcQbRNtm1uPmZSsXMHkmRQ5SmeMNiYRAZ3nahzYxNzUrg3kpLiWBvg,1,Snacks,1,3,170,"{ 63,33,118, 41}","Bread,butter,cucumber,onion,tomato,carrot,beetroot,green chilli,sauce",1,1,0,0
223,Veg Salad,name,https://realfood.tesco.com/media/images/RFO-1400x919-Roasted-veg-salad-with-cashew-dressing-mini-5d03a1f0-1c52-4662-aff4-d968f08cb5f6-0-1400x919.jpg,5,Salad/ Raita,1,4,125,"{345,118,202}","Sour cream, mayonnaise, vinegar, jalapeno,cucumber,onion,tomato,corn",1,1,0,0
224,Fruit Salad,name,https://2.bp.blogspot.com/-VDjn6bYse_c/V5__GJIUDjI/AAAAAAAAHKs/WSn1bKWv2Ewk1Z3T9Xp0AtgIhH7eD72LwCLcB/s1600/honey%2Blime%2Bfruit%2Bsalad%2B4.jpg,5,Salad/ Raita,1,4,80,"{ 24, 260, 178, 36, 156, 235, 180,49}","Orange juice, lemon juice, brown sugar,pineapple, strawberries, kiwi fruit, bananas, oranges, grapes,blueberries",1,1,0,0
225,Sprout Salad,name,https://www.archanaskitchen.com/images/archanaskitchen/World_Salads/bean_sprout_corn_start_fruit_salad_recipe_shutterstock_62384413.jpg,5,Salad/ Raita,1,3.5,120,{118},"sprouted moong, chana dal,kabuli chana,onion, cucumber, capsicum,tomatoes,chaat masala",1,1,0,0
226,Bundi Raita,name,https://www.archanaskitchen.com/images/archanaskitchen/Indian_Raitas/Boondi_Raita_Recipe_Archanas_Kitchen_Yogurt_Dip_Vegetarian-1_1600.jpg,5,Salad/ Raita,1,4.5,140,{366},"Boondi,yogurt,chaat masala,salt,coriander leaves",1,1,0,0
227,Mint Raita,name,https://i.ytimg.com/vi/sUZVxMPlsNc/hqdefault.jpg,5,Salad/ Raita,1,4,185,"{366, 210}","Yogurt,mint leaves,coriander leaves,onion,salt",1,1,0,0
228,Plain Raita,name,https://ritiroti.com/wp-content/uploads/2018/04/cucumber-raita-recipe-2.jpg,5,Salad/ Raita,1,3,165,{366},"Yogurt,coriander leaves,black pepper,salt,cumin seeds",1,1,0,0
229,Manchow Soup,name,https://www.archanaskitchen.com/images/archanaskitchen/World_Asian/Vegetable_Manchow_Soup.jpg,11,Soups,1,4,120,"{ 224, 63,311,66,53,309}","Beans, carrot, cauliflower,capsicum, cabbage,celery,spring onions,soya sauce,red chilly sauce,vegetable stock,fried noodles, garlic",1,1,0,0
230,Sweet And Sour Soup,name,https://thewoksoflife.com/wp-content/uploads/2013/10/DSC_0698.jpg,11,Soups,1,3,90,{311},"Veg stock,spring onion,cucumber,chili sauce,sugar,corn flour,vinegrar,wonton",1,1,0,0
231,Sweet Corn Soup,name,https://vaya.in/recipes/wp-content/uploads/2018/03/Sweet-Corn-Soup.jpg,11,Soups,1,4,85,"{ 68,311}","Corn,celery,spring onion,milk,corn flour,black pepper",1,1,0,0
232,Tomato Soup,name,https://s3.amazonaws.com/finecooking.s3.tauntonclud.com/app/uploads/2017/04/18173927/051091055_01-main.jpg,11,Soups,1,3.5,120,"{ 68, 63}","Toamto,onion,garlic,celery,vegetable broth,carrot,sauce",1,1,0,0
233,Spinach Soup,name,https://encrypted-tbn0.gstatic.com/images?q=tbn:ANd9GcSSSAXanuBkwtIjZB-JLzh0W80aL0atxSNeJoZzP9WhLg6s594I,11,Soups,1,4.5,100,{310},"Spinach,onion,garlic,butter,maida",1,1,0,0
234,French Onion Soup,name,https://www.daringgourmet.com/wp-content/uploads/2014/12/Blonde-French-Onion-Soup-square-web-edited.jpg,11,Soups,1,4,90,"{30,71, 233}","Onion,butter,beef broth,sherry,french bread,cheese,",1,1,0,0
235,Veg 65,name,https://hbomart.com/wp-content/uploads/2018/11/veg-65.jpg,12,Starters,1,3,95,"{217,345,66}","Onion,garlic, cauliflower,sauce,vinegar,maida,mushroom,potato,corn flour",1,1,0,0
236,Wheat crust Pizza,name,https://sparkpeo.hs.llnwd.net/e2/guid/Whole-Wheat-Thin-Crust-Pizza-Dough/6a2e79cd-313c-47ae-bc99-fb06c1c31114.jpg,9,Pizza/ Pasta,1,3,105,"{354,231}","Wheat flour,onion,jalepeno,olive,tomatoes",1,1,0,0
237,Fruit Pudding,name,"https://res.cloudinary.com/quintet/image/private/c_fill,g_south,h_1536,w_1536,cs_no_cmyk/go866vnmdkuctnr56z1j.jpg",7,Desserts,1,4,150,{ 11},"pomgranate,apples,pear,custard,cream",1,1,0,0
238,Butter Milk,name,https://i.ndtvimg.com/i/2015-09/buttermilk-625_625x350_51442899881.jpg,4,Beverages,1,3.5,170,{ 396},"Curd,cumin powder,pepper,coriander leaves",1,1,0,0
239,Mango Juice,name,https://recipesbyjenn.com/wp-content/uploads/2015/10/PineappleMango-main-860x380.jpg,4,Beverages,1,4.5,105,"{235, 195,249}","Mango,peach,nectarine,orange,sugar",1,1,0,0
240,Orange Juice,name,https://www.earthfoodandfire.com/wp-content/uploads/2018/04/Homemade-Orange-Juice.jpg,4,Beverages,1,4,150,"{235, 180}","Orange,lemon juice,sugar",1,1,0,0
241,Apple Juice,name,https://www.clubchefman.com/upload/recipe-images/applejuice-2-1000x600.jpg,4,Beverages,1,3,170,{ 11},"Apple,sugar",1,1,0,0
242,Watermelon Juice,name,https://dorina.info/wp-content/uploads/2015/06/The-Amazing-Health-Benefits-of-Watermelon-Juice.jpg,4,Beverages,1,3.5,125,"{349, 180}","Watermelon,sugar,lemon juice",1,1,0,0
243,Aloe vera juice,name,https://i.ndtvimg.com/i/2016-11/aloe-vera_620x350_61479457142.jpg,4,Beverages,1,4.5,80,"{366, 24, 260,310,398}","Aloe vera juice,yogurt,pineapple,spinach,banana,ginger",1,1,0,0
244,Coconut Juice,name,https://sc02.alicdn.com/kf/UTB8eDsuXgnJXKJkSaelq6xUzXXaI/Coconut-Water.jpg_350x350.jpg,4,Beverages,1,4,120,{104},coconut,1,1,0,0
245,Kiwifruit Juice,name,https://cdn2.stylecraze.com/wp-content/uploads/2013/09/2322-8-Amazing-Benefits-Of-Kiwi-Juice-For-Skin-Hair-And-Health-is.jpg,4,Beverages,1,3,140,"{178, 11, 68}","Kiwi,apple,celery",1,1,0,0
246,Pineapple juice,name,http://kababjiarabia.com/wp-content/uploads/2017/01/freshpineapplejuice.jpg,4,Beverages,1,4.5,185,{ 260},"Pineapple,sugar,pepper,salt",1,1,0,0
247,Strawberry juice,name,http://s1.1zoom.me/big0/399/Berry_Strawberry_Juice_493898.jpg,4,Beverages,1,4,165,"{313,312}","Strawberry,sugar",1,1,0,0
248,Beet juice (B.P),name,https://images.lifealth.com/uploads/2017/07/beetroot-juice.jpg,4,Beverages,1,4.5,170,"{ 11, 68, 63,33}","Beetroot,apple,celery,carrot,lemon,ginger",1,1,0,0
249,Carrot and orange Juice,name,http://www.laughterandlemonade.com/wp-content/uploads/2016/02/20160102_Orange_Carrot_Juice_093-560x686@2x.jpg,4,Beverages,1,4,200,"{ 11,235, 63, 210}","Orange,carrot,apple,lemon,nectarine,mint,ginger",1,1,0,0
250,Mixed veg Juice,name,https://image.freepik.com/free-photo/mixed-vegetable-juice-glass-fresh-pumpkin-broccoli-vegetable-wooden-tray_26131-63.jpg,4,Beverages,1,3,200,"{ 180, 68, 63,33}","Tomato,celery,capsicum,onion,beetroot,carrot,garlic,horseradish,lemon juice,sugar",1,1,0,0
251,Cucumber Juice,name,https://s3-us-west-1.amazonaws.com/cdn.dherbs.com/wp-content/uploads/2016/10/cucumber-juice.jpg,4,Beverages,1,3.5,125,"{ 210, 118}","Cucumber,green chili pepper,mint leaves,lime juice",1,1,0,0
252,Guava Juice,name,https://previews.123rf.com/images/sakdinon/sakdinon1510/sakdinon151000127/46281258-guava-juice-and-fresh-guava-isolate-on-white-background.jpg,4,Beverages,1,3,120,{164},"Guava,tomato,sugar,salt,pepper",1,1,0,0
253,Pomegranate juice,name,https://i0.wp.com/www.shzboxtoday.net/wp-content/uploads/2017/07/Pomegranate-Juice-and-RA-1440x810.jpg?resize=722%2C406,4,Beverages,1,4,100,{268},Pomegranate,1,1,0,0
254,Rasgulla(sugar free),name,https://i.ytimg.com/vi/0wLGXbTmOKQ/maxresdefault.jpg,7,Desserts,1,3.5,90,"{ 180,74}","Milk,lemon juice,refined flour, sugar free",1,1,0,0
255,Masala Tea,name,https://5.imimg.com/data5/FO/UJ/MY-25231265/premium-quality-masala-tea-500x500.png,4,Beverages,1,4.5,95,{61},"Tea leaves,milk,sugar,cardamom,peppercorns",1,1,0,0
256,Pav Bhaji,name,https://hebbarskitchen.com/wp-content/uploads/mainPhotos/pav-bhaji-recipe-easy-mumbai-style-pav-bhaji-recipe-1-1068x1423.jpeg,1,Snacks,1,4,105,"{ 63,66,53}","Onion, garlic,green chilli pepper,onion,tomato,cauliflower,cabbage,green peas,carrots,potato,butter,masala,pav",1,1,0,0
257,Poha,name,https://www.cookwithmanali.com/wp-content/uploads/2014/08/Poha-Recipe-notitle-cwm.jpg,1,Snacks,1,3,110,{ 180},"Onion,poha,sugar,green chilli,potato,lemon juice",1,1,0,0
258,Veg Burger,name,https://thecozyapron.com/wp-content/uploads/2016/03/spicy-guacamole-chicken-burger_thecozyapron_03-31-16_1.jpg,1,Snacks,1,3,120,"{133, 227,71, 63,309}","Maida,carrots, squash,zucchini,garlic,onion,oats,cheese,egg,soya sauce",1,1,0,0
259,Veg steam Momos,name,https://media.hungryforever.com/wp-content/uploads/2018/11/01170204/mushroom-momos.jpg,1,Snacks,1,4,160,"{ 63,311,53,309}","Maida,cabbage,french beans,carrots,capsicum,spring onion,garlic,soya sauce,black pepper",1,1,0,0
260,Chilli Pakora,name,image_url,1,Snacks,1,3.5,170,"{310,86}","chilli, gram flour, corn, spinach",1,1,0,0
261,Chaat Papdi,name,https://www.thespruceeats.com/thmb/x4MtkHsnRQhqHHf0lcsWTUYzKQY=/960x0/filters:no_upscale():max_bytes(150000):strip_icc():format(webp)/Papdi-Chaat-5840a8eb5f9b5851e5d7c1ef.jpg,1,Snacks,1,4,200,"{ 396, 210,268}","Papdi,curd,sugar,potato,chickpeas,onion,pomegranate seeds,tamarind chutney,mint chutney,sev,coriander leaves",1,1,0,0
262,Tandoori Roti,name,https://assets.betterbutter.in/386x386/public/recipe_thumb/medium/14423167232KIe8WnTzK_thumb.jpg,3,Roti/ Rice,1,3,200,"{354,366}","Wheat flour,ghee,oil",1,1,0,0
263,Thalipeeth,name,https://www.archanaskitchen.com/images/archanaskitchen/1-Author/nithya.anantham/Methi_Thalipeeth_Recipe_Maharashtrian_Style_Mixed_Flour_Flatbread_with_Fenugreek_Leaves.jpg,3,Roti/ Rice,1,4.5,125,"{358, 354}","Wheat flour,gram flour,bajra,jowar,rice flour,onion, green chilli,coriander powder,ajwain",1,1,0,0
264,Veg Kofta Curry,name,https://www.archanaskitchen.com/images/archanaskitchen/1-Author/usashis-gmail.com/Kacha_Peper_Kofta_CurryGreen_Papaya_Kofta_Curry.jpg,2,Main Course,1,4,170,"{64, 63,53}","Potato,onion, garlic,carrot,capsicum,cabbage,beans,tomato paste,milk,cream,cashew,garam amsala",1,1,0,0
265,Kadai Bhindi,name,https://images.media-allrecipes.com/userphotos/720x405/5778072.jpg,2,Main Course,1,4.5,175,"{59, 228}","Onion, garlic,lady's finger,tomato,capsicum,garam masala",1,1,0,0
266,Mixed Vegetable Curry,name,http://photos1.blogger.com/blogger/6981/1842/1600/mixed%20vegetable%20curry.jpg,2,Main Course,1,4,120,"{ 396, 63,66,53}","Onion,cauliflower,carrots,cabbage,beans ,peas,potatoes, garlic,tomato,curd,green chilli",1,1,0,0
267,Sangria,name,https://www.isabeleats.com/sangria-recipe/,4,Beverages,1,3,110,"{ 11,235, 180}","Apple,lemon juice,orange,orange juice,wine,brandy",1,1,0,0
268,Apple-Cinnamon Granola,name,https://www.openfit.com/apple-cinnamon-granola,4,Beverages,1,3.5,120,"{227, 11,347,167,280}","Honey,oats,walnuts,nutmeg,apple,raisins",1,1,0,0
269,Arugula and Goat Cheese Pizza,name,https://www.ambitiouskitchen.com/wp-content/uploads/2017/04/Monique-Fig-Goat-Cheese-Pizza-4.jpg,9,Pizza/ Pasta,1,3,160,{71},"Onion,pizza crust,tomato,goat cheese,arugula",1,1,0,0
270,"Savory Squash, Carrot, and Ginger Soup",name,http://carlsbadcravings.com/wp-content/uploads/2014/03/Thai-Butternut-Squash-Sweet-Potato-Soup5.jpg,4,Beverages,1,4,170,"{ 11, 63}","Carrot,onion,garlic, butternut squash,apple,pear,coconut milk,bread",1,1,0,0
271,Jane's Vegetarian Chili,name,http://3.bp.blogspot.com/_CfEhlGaiJ0U/RcjlmFHQHGI/AAAAAAAAAEI/YWFkim9c-qg/s320/144-4469_IMG.JPG,9,Pizza/ Pasta,1,3.5,200,{71},"Onion,garlic,chickpeas,tomato,kidney beans,white beans,black beans,cheese",1,1,0,0
272,Bean and Corn Salsa,name,https://images-gmi-pmc.edge-generalmills.com/d5557382-27c9-4fbb-8340-c63ea8d56c17.jpg,9,Pizza/ Pasta,1,4.5,200,"{216,321,287}","Tomato,onion,black bean,corn",1,1,0,0
273,Lemon-Asparagus Pasta,name,https://www.dinneratthezoo.com/wp-content/uploads/2016/02/lemon-asparagus-pasta-with-chicken-2-500x500.jpg,9,Pizza/ Pasta,1,4,125,{256},"Pasta,asparagus,garlic",1,1,0,0
274,Mixed Green Salad,name,http://yourwellnesscloud.com/wp-content/uploads/2017/04/mixed-green-salad-420x400.jpg,5,Salad/ Raita,1,4.5,170,"{187,160}","Shallots,escarole,Lettuce,prunes,pecans",1,1,0,0
275,Linguine with Red Pepper Sauce,name,https://www.mygourmetconnection.com/wp-content/uploads/linguine-roasted-red-pepper-sauce.jpg,9,Pizza/ Pasta,1,4,200,"{380,233}","Onion,Linguine,garlic,red pepper,capers",1,1,0,0
276,Mediterranean Stuffed Tomatoes,name,http://www.phaidon.com/resource/r-mediterranean-stuffed-tomatoes.jpg,12,Starters,1,3,200,"{358, 397,71,123,287}","Tomato,cheese,dates,wild rice,Quinoa,onion,lentils",1,1,0,0
277,Marinated Feta and Olive Skewers,name,https://images.scrippsnetworks.com/up/tp/Scripps_-_Food_Category_Prod/144/679/78959_4x3.jpg,9,Pizza/ Pasta,1,3,125,"{235,231,71,118}","Cheese,cucumber,orange juice,olives",1,1,0,0
278,Lightened Waldorf Salad,name,http://images.media-allrecipes.com/userphotos/960x960/5458330.jpg,5,Salad/ Raita,1,4,120,"{366, 11, 68,280}","Granny Smith apple,raisins,celery,yogurt",1,1,0,0
279,Cauliflower fried rice,name,https://www.onceuponachef.com/images/2016/10/Cauliflower-Fried-Rice-760x517.jpg,3,Roti/ Rice,1,3.5,100,"{133, 63}","Culiflower,peas,carrot,eggs,scallions",1,1,0,0
280,Oatmeal Chocolate Chip Cookies,name,https://prettysimplesweet.com/wp-content/uploads/2018/06/Oatmeal-Chocolate-Chip-Cookies-Recipe-500x500.jpg,7,Desserts,1,4,90,"{133, 354, 227,89}","Oats,wheat flour,eggs,chocolate chips",1,1,0,0
281,Chocolate chip cloud cookies,name,https://cmt.azureedge.net/media/orig_chocolate-chip-cloud-cookies-20170610045513071805mxb4i.jpg,7,Desserts,1,3.5,95,"{133, 227,366,89,49}","Oats,brown sugar,egg,chocolate chips,yogurt,maida",1,1,0,0
282,Lickety Split Lemon Oaties,name,https://irepo.primecp.com/2015/12/248894/EDR-Lickety-Split-Lemon-Oaties_ArticleImage-CategoryPage_ID-1336570.jpg?v=1336570,7,Desserts,1,4.5,105,{227},"Lemon,oats,sugar,maida",1,1,0,0
283,Fruity fingerprint cookies,name,http://www.welchs.com/sites/default/files/styles/recipe_card/public/media/images/Welchs_Fruity_Thumb_Print_Cookies.jpg?itok=bLGzKs_y,7,Desserts,1,4,200,{133},"Egg,maida,milk,fruit preserve",1,1,0,0
284,Fudgy chocolate cookies,name,https://cafedelites.com/wp-content/uploads/2017/09/Fudgy-Chocolate-Cookies-IMAGE-210.jpg,7,Desserts,1,3,200,{49},"Maida,cocoa powder,brown sugar,buttermilk",1,1,0,0
285,Pumpkin pie cookie,name,https://images-gmi-pmc.edge-generalmills.com/ce4fe257-a1c7-41c2-89f6-a224463211ca.jpg,7,Desserts,1,3,125,"{71,274}","Pumpkin canned,splenda,cheese",1,1,0,0
286,Spiced pumpkin chip cookies,name,https://thebusybaker.ca/wp-content/uploads/2017/09/pumpkin-spice-chocolate-chip-cookies-fbig3.jpg,7,Desserts,1,4,120,"{133, 89,274,86}","Pumpkin canned,splenda,maida,chocolate chips,egg",1,1,0,0
287,Phirni,name,https://www.whiskaffair.com/wp-content/uploads/2013/08/Kesar-Phirni-3.jpg,7,Desserts,1,3.5,100,{358},"Rice,milk,pista,elaichi",1,1,0,0
288,Low fat celery soup,name,https://www.ndtv.com/cooks/images/low.fat.celery.soup.jpg,11,Soups,1,4,90,"{79, 68}","celery,chicken",1,1,0,0
289,Brown rice and cracked wheat dosa,name,https://3.bp.blogspot.com/-3oOYBaqcL6I/V2R-ZjBh0NI/AAAAAAAAC3w/z25prIJsWloYERKMkAs9gYtpr8cl1HQRACLcB/s1600/brown%2Brice%2Band%2Bcracked%2Bwheat%2Bdosa.JPG,1,Snacks,1,4,95,{358},"wheat,rice",1,1,0,0
290,Apple and Cinnamon Oatmeal,name,https://food.fnr.sndimg.com/content/dam/images/food/fullset/2017/4/13/0/FNK_Microwave-Apple-Cinnamon-Oatmeal-H_s4x3.jpg.rend.hgtvcom.616.462.suffix/1492113444772.jpeg,1,Snacks,1,3,105,"{227, 11,93}","apple,cinnamon,oats",1,1,0,0
291,Broccoli and Carrot Soup,name,https://www.rawblend.com.au/assets/components/phpthumbof/cache/Broccoli%20&%20Carrot%20Soup.2f8ad1535b81f3a13a5209b42ec112d3134.jpg,11,Soups,1,3.5,150,"{ 63,42}","broccoli,carrot",1,1,0,0
292,Sugar free Granola,name,https://www.superhealthykids.com/wp-content/uploads/2015/05/01161340/sugar-free-granola-3-from-shk.jpg,4,Beverages,1,4.5,170,"{227, 195, 347, 249,74}","oats,vanilla extract,peach,mango,walnuts",1,1,0,0
293,Oats soup,name,https://i2.wp.com/media.hungryforever.com/wp-content/uploads/2017/04/06142535/oats-soup-recipe.jpg?resize=1075%2C514&ssl=1,11,Soups,1,4,105,"{227, 63, 210}","oats,mint,carrot,",1,1,0,0
294,Gooseberry chutney,name,https://images.eatsmarter.com/sites/default/files/styles/max_size/public/gooseberry-chutney-574024.jpg,1,Snacks,1,4.5,150,{153},amla,1,1,0,0
295,"Spinach, Pear, and Pancetta Salad",name,"https://assets.bonappetit.com/photos/57b1d686f1c801a1038bdea8/16:9/w_1000,c_limit/pear-pancetta-and-walnut-salad.jpg",5,Salad/ Raita,1,4,170,"{345,310}","spinach,pear,pancetta,vinegar",1,1,0,0
296,Besan Methi Frankie,name,https://sanjeevkapoor.com/UploadFiles/RecipeImages/Besan-Methi-Frankie.jpg,9,Pizza/ Pasta,1,3,125,"{140,84}","fenugreek leaves,besan,yoghurt",1,1,0,0
297,Lauki Raita,name,https://www.archanaskitchen.com/images/archanaskitchen/0-Archanas-Kitchen-Recipes/2018/Preethi_Kitchen_Appliances_Lauki_Raita_Recipe_video-1.jpg,5,Salad/ Raita,1,3.5,80,{400},"lauki,yoghurt",1,1,0,0
298,Okra and Tomato Curry,name,https://www.veganricha.com/wp-content/uploads/2016/05/bhindi-masala-3198.jpg,2,Main Course,1,4.5,120,"{287,228}","ladyfingers,tomatoes",1,1,0,0
299,Okra Juice and Smoothie,name,http://static.op-mobile.opera.com/affive-80/wp-content/uploads/2019/02/Okraaa.jpg,4,Beverages,1,4,140,"{ 11, 63,228}","carrots,apples,ladyfingers",1,1,0,0
300,Zucchini corn boats,name,https://food.fnr.sndimg.com/content/dam/images/food/fullset/2012/3/20/0/0165388_01-zucchini-pirate-boats_s4x3.jpg.rend.hgtvcom.616.462.suffix/1382541212726.jpeg,12,Starters,1,4.5,185,"{212, 229, 71}","corn,zucchini,onion,mozarella cheese,olive oil",1,1,0,0
301,Roasted vegetables,name,https://keviniscooking.com/wp-content/uploads/2015/11/Easy-Roasted-Vegetables-with-Honey-and-Balsamic-Syrup2-1024x681.jpg,2,Main Course,1,4,165,"{ 63,66}","margarine,corn,carrot,peas,beans,cauliflower,butter",1,1,0,0
302,Mixed vegetables,name,https://cdn-image.myrecipes.com/sites/default/files/styles/medium_2x/public/image/sponsor/countrycrock/MexicanVegetableSaute_420x420.jpg?itok=br1kfpdv,2,Main Course,1,3,200,{ 63},"margarine,corn,carrot,peas,beans",1,1,0,0
303,Lauki Halwa,name,https://hebbarskitchen.com/wp-content/uploads/mainPhotos/lauki-ka-halwa-recipe-dudhi-halwa-recipe-loki-ka-halwa-2-1068x1423.jpeg,7,Desserts,1,3.5,125,"{366,64,280, 400, 7}","Lauki,elaichi,almonds,cashew,raisins,ghee,milk,condensed milk",1,1,0,0
304,Crab Biryani,name,https://www.maggime.com/sites/default/files/recipes/en/Chicken-Biryani.jpg,3,Roti/ Rice,0,4.5,300,"{116, 358, 366}","Crab,rice,tomato paste,onion, garlic,ghee,red chilli",0,1,0,0
305,Mughlai Chicken Biryani,name,https://5.imimg.com/data5/LG/SS/GLADMIN-34826670/mughlai-chicken-biryani-500x500.png,3,Roti/ Rice,0,4,105,"{79, 358, 366,7}","Chicken,rice, garlic,onion,tomato,nutmeg,yogurt,almond,ghee",0,1,0,0
306,Chicken Biryani,name,https://www.indianhealthyrecipes.com/wp-content/uploads/2019/02/chicken-biryani-recipe.jpg,3,Roti/ Rice,0,4.5,150,"{79, 358, 366, 210}","Chicken,rice,mint leaves,garlic,tomto puree,milk, onion,tomato,yogurt",0,1,0,0
307,Apple Crisp,name,https://www.fifteenspatulas.com/wp-content/uploads/2015/09/FSC_3049-640x888.jpg,12,Starters,0,4,170,"{227, 11,49}","Apple,sugar,maida,oats,butter,brown sugar,baking powder,baking soda",0,1,0,0
308,Bread pudding,name,https://www.meals.com/imagesrecipes/28445lrg.jpg,7,Desserts,0,3.5,125,"{133, 280,41}","Bread,butter,eggs,raisins,milk,sugar",0,1,0,0
309,Thai Lemon Halibut,name,https://keviniscooking.com/wp-content/uploads/2018/12/Thai-Baked-Halibut-with-Coconut-Rice6.jpg,7,Desserts,0,4.5,80,"{191,333,194}","Fish,garlic,sauces,lime juice",0,1,0,0
310,Date Crusted Halibut,name,http://cdn.shopify.com/s/files/1/0004/7628/2891/files/0008_DateCrustedHalibut_FlickrCC_0404dd10-e556-4110-ac6d-9b121822b431.jpg?6393483027862476480,7,Desserts,0,4,120,"{373,179,360}","Butter,leeks,halibut fillets,wine,bread crumbs",0,1,0,0
311,Tomato and basil pesto on salmon.,name,http://www.drjanet.com/blog/wp-content/uploads/2013/08/roasted-tomato-pesto-salmon-1024x969.jpg,9,Pizza/ Pasta,0,4,140,"{287,294}","Salmon,zucchinis,tomato,basil,pesto",1,1,0,0
312,Smoked fish cakes with poached eggs,name,https://www.bbcgoodfood.com/sites/default/files/styles/recipe/public/recipe_images/recipe-image-legacy-id--560703_12.jpg?itok=JuvutCex,2,Main Course,0,3.5,185,"{133, 217}","Fish,mushroom,egg,flour,potato,peas",1,1,0,0
313,Corn Crusted Halibut,name,https://images.media-allrecipes.com/userphotos/560x315/2440093.jpg,2,Main Course,0,4.5,165,"{202,321}","Corn flakes,halibut fillets,mayonnaise,dill",1,1,0,0
314,Soya Mutter Pulao,name,https://i.ytimg.com/vi/669TgzC5_Gc/hqdefault.jpg,3,Roti/ Rice,1,3.5,120,{47},"Brown rice,soya chunks,peas,onion,tomato",0,1,0,0
315,Green Peas in Peanut Curry,name,https://www.tarladalal.com/members/9306/big/big_shengdane_ani_vatane_chi_bhaji-8581.jpg?size=500X651,1,Snacks,1,4.5,90,"{160,233}","Green peas,onions,peanuts",0,1,0,0
316,Rajma Saagwala,name,https://www.archanaskitchen.com/images/archanaskitchen/1-Author/Nithya_Anantham/Rajma_Saagwala_Dry_Kidney_Beans_and_Spinach_Stir_Fry.jpg,2,Main Course,1,4,85,{177},"Rajma,chowli leaves,ginger,onion",0,1,0,0
317,Turai Onion Vegetable,name,https://www.tarladalal.com/members/9306/big/big_turai_onion_vegetable-8654.jpg?size=696X905,2,Main Course,1,4,120,{233},"Onion,yellow moong dal,tomato,ridge gourd(turai)",0,1,0,0
318,"Toovar Dal, Toovar Dal with Onions",name,"https://www.tarladalal.com/members/9306/big/big_toovar_dal,_toovar_dal_with_onions-11116.jpg?size=696X905",2,Main Course,1,3.5,100,"{233,70}","Toovar dal,onion,ginger",0,1,0,0
319,Khatti Meethi Dal,name,http://ksmartstatic.sify.com/cmf-1.0.0/appflow/bawarchi.com/Image/oetseogiabhib_bigger.jpg,2,Main Course,1,3.5,90,"{173, 70}","Toovar dal,radish,coconut,jaggery,tamarind",0,1,0,0
320,Suva Masoor Dal,name,https://www.whiskaffair.com/wp-content/uploads/2014/06/Soya-masoor-dal-1.jpg,2,Main Course,1,4.5,95,{70},"Masoor dal,garlic,onion,dill leaves",0,1,0,0
321,Whole Masoor Dal,name,https://i0.wp.com/mypullzone-9vexd6dl53at.netdna-ssl.com/wp-content/uploads/2018/03/Sabut-Masoor-Dal-Recipe-Step-By-Step-Instructions.jpg?fit=750%2C702&ssl=1,2,Main Course,1,4,105,{70},"Red lentil, onion,tomato,shallots",0,1,0,0
322,Palak Baby Corn Sabzi,name,http://lh4.ggpht.com/__3swhP_QBAc/SpzXXjLhzeI/AAAAAAAABPE/XQO_SJiO9Mg/s512/IMG_1790.jpg,2,Main Course,1,4,150,{310},"Spinach,onion,corn,low fat milk",0,1,0,0
323,Tandoori Gobi,name,https://www.vegrecipesofindia.com/wp-content/uploads/2013/02/tandoori-gobi-recipe-1.jpg,2,Main Course,1,3.5,170,"{ 396, 53}","Cauliflower florets, onion, capsicum, curd, besan,",0,1,0,0
324,Healthy Kofta Kadhi,name,https://www.tarladalal.com/members/9306/big/big_healthy_kofta_kadhi-9008.jpg?size=696X905,2,Main Course,1,3,105,"{ 396, 310}","Sprouted moong, besan, spinach, curd",0,1,0,0
325,Sabz Korma,name,http://www.aajkyabanaye.com/uploads/recipes/22265944_l.jpg,2,Main Course,1,4,150,{ 63},"Onions, tomato, soya chunks, carrots , french beans , cauliflower , green peas , milk,cream",0,1,0,0
326,"Mushroom, Capsicum and Paneer Stir-fry",name,https://kaysramblings.files.wordpress.com/2009/12/capsicum-mushroom-paneer1.jpg,2,Main Course,1,3.5,170,"{240,217,66,59}","mushrooms, capsicum (red , green and yellow), paneer, onions cauliflower florets",1,0,0,0
327,Vegetable Dimsum,name,https://www.archanaskitchen.com/images/archanaskitchen/0-Saffola_FitFoodie/Chinese_Oats_Vegetable_Dim_Sum.jpg,2,Main Course,1,4.5,125,{354},"plain flour (maida), wheat flour",1,0,0,0
328,Bruschettas,name,https://cms.splendidtable.org/sites/default/files/styles/w2000/public/ThinkstockPhotos-489648977.jpg?itok=zPnyzSum,9,Pizza/ Pasta,1,4,80,{240},"tomatoes,paneer,garlic ,basil leaves,oregano",1,0,0,0
329,Paneer Veggie Wrap,name,https://www.tarladalal.com/members/9306/big/big_paneer_veggie_wrap-8323.jpg?size=696X905,2,Main Course,1,3,120,"{240, 63,53}","paneer , cabbage, carrot,green chilli",1,0,0,0
330,Spice Tofu and Bean Sprouts Kodri,name,https://www.tarladalal.com/members/9306/big/big_5_spice_tofu_and_bean_sprouts_rice-9685.jpg?size=696X905,12,Starters,1,3.5,140,"{395, 86}","onions,spice powder,bean sprouts,tofu,kodri (varagu),sugar",1,0,0,0
331,Stir-fried Spinach Pancakes,name,https://144f2a3a2f948f23fc61-ca525f0a2beaec3e91ca498facd51f15.ssl.cf3.rackcdn.com/uploads/food_portal_data/recipes/recipe/hero_article_image/1738/951f6efbf36b7e4afac4/letterbox_Spinach_pancakes.jpg,12,Starters,2,4.5,185,{310},"garlic,spinach,soy sauce,cornflour,plain flour,milk",1,0,0,0
332,Ginger Fried Kodri,name,https://i.pinimg.com/originals/33/da/de/33dadebd796975811456a7e5d642cc47.jpg,12,Starters,1,4,165,{395},"Ginger,bean sprouts,tofu cubes,kodri",1,0,0,0
333,Paneer Palak Koftas in Makhani Gravy,name,https://www.tarladalal.com/members/9306/big/big_paneer_palak_koftas_in_makhani_gravy-8242.jpg?size=696X905,2,Main Course,1,4,170,"{240, 358, 310,274}","spinach,paneer,rice flour ,tomatoes,onions,red pumpkin,sugar,cornflour,milk",1,0,0,0
334,Minty Couscous,name,https://motherwouldknow.com/wp-content/uploads/2015/08/1440180217599-1.jpg,5,Salad/ Raita,1,3.5,200,"{354, 210}","mint leaves ,wheat ,milk,tomatoes,onions",1,0,0,0
335,Paneer Kheer,name,https://www.vegrecipesofindia.com/wp-content/uploads/2014/09/paneer-kheer-recipe-1.jpg,7,Desserts,1,2,200,"{240,61}","milk,paneer,sugar,cardamom",1,0,0,0
336,Chana Dal Pancakes,name,https://www.tarladalal.com/members/9306/big/big_chana_dal_pancakes-8656.jpg?size=696X905,1,Snacks,2,2,125,"{ 396, 310, 63,70}","chana dal, methi leaves,spinach,carrot,curd",1,0,0,0
337,Coffee Mousse,name,https://gbc-cdn-public-media.azureedge.net/img51922.768x512.jpg,4,Beverages,2,2,120,"{203,401,95}","Milk,coffee powder,cocoa powder,cream,sugar substitute,agar-agar",1,0,0,0
338,Diabetic Caramel Custard,name,https://recipes.timesofindia.com/photo/53316694.cms,7,Desserts,1,4,100,"{203,49}","Milk,custard powder,sugar substitute,agar-agar",1,0,0,0
339,Oats and Orange Rabdi,name,https://cdn.awesomecuisine.com/wp-content/uploads/2011/05/rabri_rabadi.jpg,7,Desserts,2,3,90,"{227,366,235}","Oats,orange,milk,ghee,sugar substitute",1,0,0,0
340,Stuffed Capsicum in Tomato Gravy,name,http://www.blissofcooking.com/wp-content/uploads/2017/05/Stuffed-Capsicum-in-Tomato-Gravy-Feature-e1494434439383.jpg,2,Main Course,1,4.5,95,"{240, 63,287,66,274,59}","Capsicum,french beans , carrot , green peas, cauliflower,paneer, milk,tomato,pumpkin",1,0,0,0
341,Strawberry Oats Pudding,name,"https://media.self.com/photos/5a047a419b11d66dc00891c4/4:3/w_728,c_limit/chocolate-strawberry-overnight-oat-pudding.jpg",7,Desserts,2,4,105,{227},"mil,strawberries,oats",1,1,0,0
342,Moong Dal Waffles with Stir-fried Vegetables,name,https://www.tarladalal.com/members/9306/big/big_moong_dal_waffles_with_stir-fried_vegetables-10558.jpg?size=696X905,2,Main Course,1,4.5,200,"{140,213,70}","green moong dal,green chili,fenugreek,besan",1,0,0,0
343,Veg Fried Kodri,name,https://i.pinimg.com/736x/d8/be/cd/d8becd94d825a0f64003c3ff92c6080a.jpg,2,Main Course,1,4,200,"{ 68, 63,53}","celery ,onions,french beans,carrots,capsicums,cabbage,sprouts,kodri",1,0,0,0
344,Mini Oats Bhakri Pizza,name,https://www.tarladalal.com/members/9306/big/big_mini_oats_bhakri_pizza-11148.jpg?size=696X905,9,Pizza/ Pasta,1,3,125,"{287,239}","tomatoes,garlic,onions,oregano,red chilli flakes (paprika)",1,0,0,0
345,Raw Papaya and Cabbage Stir-fry,name,http://www.foxbuff.com/wp-content/uploads/2017/03/Raw-papaya-cabbage-stir-fry-preparation.jpg,12,Starters,1,4,120,"{ 180, 241,53}","Papaya,cabbage,capsicum,lemon juice",1,0,0,0
346,Papaya Orange Smoothie,name,https://foodbound.files.wordpress.com/2015/03/photo-mar-05-3-31-14-pm.jpg,4,Beverages,2,3.5,100,"{235, 180,241}","papaya pure,orange juice,sugar substitute,lemon juice",1,1,0,0
347,Methi Pitla,name,https://www.tarladalal.com/members/9306/big/big_methi_pitla-9418.jpg?size=696X905,2,Main Course,1,2,90,"{140, 84}","Methi,besan,garlic,onions",1,1,0,0
348,Masala Karela,name,https://www.archanaskitchen.com/images/archanaskitchen/Indian_Vegetables_Dry/Karela_Sabzi_with_Onions_and_Tomatoes_Recipe-2.jpg,2,Main Course,1,2,95,"{399, 66}","Bitter gourd ,onions,cauliflower,besan",1,0,0,0
349,Onion and Karela Sabzi,name,http://34c6b8841d4124020671-5bfabe5484726969ac662c6d377e2f3c.r16.cf2.rackcdn.com/uploads/old/LDxwR6nrgq.jpg,2,Main Course,1,2,105,"{399, 132, 195,233}","onions,bitter gourd (karela),mango powder",1,1,0,0
350,Carrot Methi Sabzi,name,https://www.archanaskitchen.com/images/archanaskitchen/1-Author/Jyothi_Rajesh/Carrot_Methi_Sabzi.jpg,2,Main Course,1,4,150,"{ 63,140}","carrot,methi leaves,onion",1,1,0,0
351,Dahi Bhindi ki Sabzi,name,http://www.manjulaskitchen.com/blog/wp-content/uploads/dahi_bhindi.jpg,2,Main Course,1,3,170,{ 396},"ladies finger,curds,besan,curry leaves",1,1,0,0
352,Sprouts Dhokla,name,https://cdn.awesomecuisine.com/wp-content/uploads/2014/10/sprouts_dhokla.jpg,1,Snacks,1,4.5,105,"{310,84}","moong (whole green gram),spinach (palak),green chillies,besan (bengal gram flour),fruit salt,sesame seeds (til),asafoetida (hing),curry leaves (kadi patta),green chillies",1,1,0,0
353,Gehun ki Bikaneri Khichdi,name,http://chalochaley.net/wp-content/uploads/2018/11/KHICHDI.png,3,Roti/ Rice,1,4,150,{366},"wheat,moong dal,ghee,cumin seeds",1,0,0,0
354,Tomato Methi Rice,name,https://www.tarladalal.com/members/9306/big/big_tomato_methi_rice_(_iron_rich_recipe_)-10696.jpg?size=696X905,3,Roti/ Rice,1,3.5,170,"{47,287,140}","Brown rice,methi leaves,onion,tomato",1,1,0,0
355,"Buckwheat, Moong and Vegetable Khichdi",name,https://www.archanaskitchen.com/images/archanaskitchen/1-Author/Jyothi_Rajesh/Buckwheat_Vegetable_Khichdi.jpg,3,Roti/ Rice,1,2,125,"{ 63,213,66}","Buckwheat,yellow moong dal, beans, carrots, green peas, cauliflower",1,1,0,0
356,Pineapple Kodri,name,https://www.tarladalal.com/members/9306/big/big_thai-pineapple-kodri-(-exotic-diabetic-recipe-)-2357.jpg?size=500X660,7,Desserts,1,2,80,"{ 260,64}","Onion,pineapple,coconut milk,sugar substitute,kodri,cashew",1,0,0,0
357,"Bajra, Whole Moong and Green Pea Khichdi",name,https://www.archanaskitchen.com/images/archanaskitchen/1-Author/Madhuli_Ajay/Dalia_broken_wheat_and_Green_Moong_Khichdi.jpg,3,Roti/ Rice,1,2,120,{213},"Bajra,moong,peas,onion,tomato",1,1,0,0
358,"Quinoa Veg Upma, Vegan Breakfast",name,"https://www.tarladalal.com/members/9306/big/big_quinoa_veg_upma,_vegan_breakfast-13544.jpg?size=696X905",1,Snacks,1,4,140,"{64,397, 63}","Quinoa,cashew,peanut,onion,carrot,peas",1,1,0,0
359,Fatless Dal,name,https://blog.fatfreevegan.com/wp-content/uploads/2013/07/easy-dal-tadka2.jpg,2,Main Course,1,3,185,"{ 396, 70}","Urad dal,onion,tomato,curd",1,1,0,0
360,Roasted Vegan Summer Squash Side Dish,name,https://visionsofveggies.com/wp-content/uploads/2018/07/baked-vegan-parmesan-zucchini-and-yellow-squash-1.jpg,12,Starters,1,4.5,165,{ 180},"Summer squash,yeast,lemon juice",1,1,0,0
361,Ottolenghi saffron-cauliflower-dish,name,https://iprx.ten.com.au/ImageHandler.ashx?f=jpg&u=%2F%2Fimages.tenplay.com.au%2F%7E%2Fmedia%2FRecipes%2FImported+Images%2F6%2F3896-A3BB5677.jpg,12,Starters,1,3.5,200,"{231,66}","Cauliflower,onion,sultanas,olive",1,1,0,0
362,Hariyali Dal,name,https://www.tarladalal.com/members/9306/big/big_hariyali_dal-8804.jpg?size=696X905,2,Main Course,1,4.5,125,"{140,70}","Masoor dal,onion,tomaato,fenugreek leaves",1,1,0,0
363,Palak Toovar Dal,name,https://www.tarladalal.com/members/9306/big/big_palak_toovar_dal_(_calcium_rich_recipe)-4726.jpg?size=500X650,2,Main Course,1,2,,"{310,70}","Spinach,ginger,toovar dal",1,1,0,0
364,Makai Khumb Jalfrazie,name,https://www.tarladalal.com/members/9306/big/big_makai_jalfrazie-3297.jpg?size=500X626,2,Main Course,1,3,105,"{240,217}","Mushroom,corn,onion,capsicum,tomato,low fat paneer",1,1,0,0
365,Dal Kabila,name,https://www.archanaskitchen.com/images/archanaskitchen/0-Archanas-Kitchen-Recipes/2018/Dal_Kabila_White_Split_Urad_Dal_Recipe-4_1600.jpg,2,Main Course,1,3.5,150,{70},"Urad dal, tomato,ginger, garlic",1,1,0,0
366,Mulltigrain pizza,name,https://i.ndtvimg.com/i/2015-06/multigrain-pizza_625x350_71434220084.jpg,9,Pizza/ Pasta,1,4.5,170,"{354, 71,217}","Wheat flour,maize flour,Cheese,mushroom,onion",0,0,1,0
367,Lentil-Mushroom Burgers,name,https://img.taste.com.au/WC1v1F97/taste/2016/11/mushroom-and-lentil-burger-5636-1.jpeg,1,Snacks,2,3.5,125,"{133, 217}","Bun,tomato,mushroom,brown lentils,egg",0,0,1,0
368,Ragi Cookies,name,https://i.ndtvimg.com/i/2015-06/ragi_625x350_51434224819.jpg,7,Desserts,2,4.5,80,{133},"Ragi flour,sugar,egg",0,0,1,1
369,Eggless Atta Cake,name,https://i.ndtvimg.com/i/2015-06/atta-cake_625x350_71434225748.jpg,7,Desserts,1,4,120,"{354, 396 }","Wheat flour,sugar,nuts,curd",0,0,1,1
370,Melon and Kiwi Fruit Smoothie,name,https://i.ndtvimg.com/i/2015-06/smoothie_625x350_71434370358.jpg,4,Beverages,2,3,140,"{227, 178, 156, 241}","Kiwi,melon,papaya,plum,grapes,milk,oats",0,0,1,1
371,Whole Wheat Pasta in Mushroom Sauce,name,https://i.ndtvimg.com/i/2015-06/pasta_625x350_81434371345.jpg,9,Pizza/ Pasta,1,3.5,185,"{217,256}","Mushroom,onion,pasta,",0,0,1,0
372,Oats Idli,name,https://i.ndtvimg.com/i/2015-06/oats-idli_625x350_81434226005.jpg,1,Snacks,1,4.5,165,"{227, 396, 63}","Oats,urad dal,chana dal,carrot,curd",1,1,1,1
373,Fresh Corn Bhel,name,https://i.ndtvimg.com/i/2015-06/corn_625x350_41434370194.jpg,1,Snacks,1,3.5,120,"{321,272,233}","Corn,potato,onion,sev",0,0,1,0
374,Chicken Ball and Spinach Soup,name,https://i.ndtvimg.com/i/2018-02/soup_620x300_51517985439.jpg?downsize=650:400&output-quality=70&output-format=webp,11,Soups,0,4.5,90,"{79, 133, 217,310, 63}","Chicken,spinach,egg,carrot,mushroom,bean sprout",0,0,1,0
375,Coconut-Crusted Turkey Strips,name,https://www.tasteofhome.com/wp-content/uploads/2017/10/Coconut-Crusted-Turkey-Strips_exps47864_SD143204B12_03_5bC_RMS-696x696.jpg,1,Snacks,0,4,85,{133},"Turkety,egg,coconut,bread",0,0,1,0
376,Rich Baked Spaghetti,name,https://www.tasteofhome.com/wp-content/uploads/2017/10/exps49339_LR153742B09_10_4b-696x696.jpg,9,Pizza/ Pasta,0,3,120,"{30, 133, 224,256}","Spaghetti,egg,turkey,beef,milk",0,0,1,0
377,Banana Blueberry Pancakes,name,https://www.tasteofhome.com/wp-content/uploads/2017/10/exps32350_UFZ133197D04_17_7b_WEB-1-696x696.jpg,7,Desserts,0,3.5,100,"{354, 24, 36}","Banana,blueberries,milk,wheat flour,maida,egg",0,0,1,0
378,Quick Toaster-Oven Pizza,name,http://images.media-allrecipes.com/userphotos/960x960/4564998.jpg,9,Pizza/ Pasta,1,4.5,90,"{354, 71}","Tomato,wheat tortilla,onion,cheese",0,0,1,0
379,Apple Mini Fruit Pizzas,name,http://images.media-allrecipes.com/userphotos/960x960/4538919.jpg,9,Pizza/ Pasta,1,3.5,95,"{89, 11}","Apple,pista,chocolate chips",0,0,1,0
380,Spinach Wrap,name,http://images.media-allrecipes.com/userphotos/960x960/4536241.jpg,12,Starters,0,4.5,105,"{79, 71,310, 63}","Spinach,avocado,chicken,cheese,carrot",0,0,1,0
381,Crunchy Popcorn Cauliflower,name,http://images.media-allrecipes.com/userphotos/960x960/4578873.jpg,12,Starters,0,3.5,150,{133},"Cauliflower,pecans,egg,pretzel",0,0,1,1
382,Miso Sweet Potatoes,name,http://images.media-allrecipes.com/userphotos/960x960/6343057.jpg,12,Starters,1,4.5,170,{ 322},"Sweet potato,miso,butter",0,0,1,0
383,Sweet Potato Hash Browns,name,http://images.media-allrecipes.com/userphotos/960x960/5965667.jpg,12,Starters,1,4,105,{ 322},"Sweet potato,shallot,garlic",0,0,1,1
384,Bunny Pizza,name,http://images.media-allrecipes.com/userphotos/960x960/6343941.jpg,9,Pizza/ Pasta,1,3,150,"{71,217}","Tomato,mushroom,cheese,capsicum,pizza dough",0,0,1,0
385,Vegan Watermelon Fruit Pizza,name,http://images.media-allrecipes.com/userphotos/960x960/6272033.jpg,9,Pizza/ Pasta,1,2,170,"{366, 349, 36}","Watermelon,strawberrie,blueberries,coconut flakes,yogurt",0,0,1,1
386,Banana-Stuffed French Toast,name,http://images.media-allrecipes.com/userphotos/960x960/6293507.jpg,1,Snacks,0,2,125,"{133, 24,41}","Banana,egg,milk,bread",0,0,1,1
387,Maple-Apple Drenched French Toast,name,http://images.media-allrecipes.com/userphotos/960x960/5456527.jpg,1,Snacks,0,4,80,"{133, 11,41}","Apple,egg,bread,pecans,milk",0,0,1,1
388,Overnight Lemon-Cream French Toast Cups,name,http://images.media-allrecipes.com/userphotos/960x960/5456272.jpg,1,Snacks,0,3,120,"{133, 71,41}","Egg,lemon,cheese,milk,strawberries,bread",0,0,1,0
389,Rhubarb Oat Muffins,name,http://images.media-allrecipes.com/userphotos/960x960/6314834.jpg,7,Desserts,0,4.5,140,"{133, 354,227,49}","Oats,wheat flour,maida,brown sugar,rhubarb,egg",0,0,1,0
390,Healthy Dirt Pudding Cup,name,http://images.media-allrecipes.com/userphotos/960x960/5761601.jpg,7,Desserts,0,3.5,185,"{133, 90}","Chocolate,egg,condensed milk,milk,cocoa powder,strawberries",0,0,1,0
391,Halloween Veggie Tray,name,http://images.media-allrecipes.com/userphotos/960x960/5749840.jpg,5,Salad/ Raita,1,2.5,165,"{118,59}","Capsicum,broccoli,tomato,peas,cucumber,lettuce",0,0,1,1
392,Jack-o'-Lantern Stuffed Peppers,name,http://images.media-allrecipes.com/userphotos/960x960/5678414.jpg,12,Starters,0,2,170,"{30, 47}","Beef,onion,brown rice,capsicum",0,0,1,0
393,Snowman Meringue Cookies,name,http://images.media-allrecipes.com/userphotos/960x960/5852732.jpg,7,Desserts,0,2,200,"{133, 89}","Egg,tartar,sugar,chocolate chips",0,0,1,0
394,Tomato Soup with Grilled Cheese Croutons,name,http://images.media-allrecipes.com/userphotos/960x960/5678410.jpg,11,Soups,1,4,200,"{71,287,41}","Tomato,onion,cheese,bread,cream",0,0,1,0
395,Chicken-Apple Sloppy Joes,name,http://images.media-allrecipes.com/userphotos/960x960/5614927.jpg,1,Snacks,0,3,125,"{79, 11}","Chicken,apple,bun,green sweet pepper",0,0,1,0
396,Banana Blast,name,https://i-cf5.gskstatic.com/content/dam/global/wellness-horlicks/en_GB/horlicks/horlicks_desktop/image4.png?auto=format&q=60,4,Beverages,2,4.5,120,"{ 24, 260, 180}","Banana,pineapple,ice-cream,lemon juice",0,0,1,0
397,Berry Cherry,name,https://i-cf5.gskstatic.com/content/dam/global/wellness-horlicks/en_GB/horlicks/horlicks_desktop/image3.png?auto=format&q=60,4,Beverages,2,3.5,100,{ 24},"Milk,cherry,banana",0,0,1,1
398,Virgin Strawberry Moscow Mule,name,http://images.media-allrecipes.com/userphotos/960x960/5604323.jpg,4,Beverages,1,3.5,90,"{312,191,27}","Strawberries,ginger,lime juice,basil leves",0,0,1,1
399,Blueberry Pancake Frozen Yogurt Pops,name,http://images.media-allrecipes.com/userphotos/960x960/4559239.jpg,7,Desserts,2,4.5,95,"{366, 36,249}","Blueberries,peach,yogurt",0,0,1,0
400,Strawberry Planks,name,http://images.media-allrecipes.com/userphotos/960x960/6314838.jpg,7,Desserts,2,3.5,105,{71},"Strawberries,graham cracker,cheese",0,0,1,0
401,Watermelon Fruit Bowl,name,http://images.media-allrecipes.com/userphotos/960x960/6343945.jpg,7,Desserts,2,4.5,200,"{349, 260}","Watermelon,blueberrie,blackberries,Raspberries,strawberries,pineapple",0,0,1,1
402,Rainbow Yogurt Bowl,name,http://images.media-allrecipes.com/userphotos/960x960/4535705.jpg,5,Salad/ Raita,2,3.5,200,"{366, 36, 156}","Raspberries,blueberries,grapes,clementine,yogurt",0,0,1,0
403,Banana split bites,name,https://www.lifeloveliz.com/wp-content/uploads/2015/05/Banana-Split-Bites1.jpg,7,Desserts,2,3.5,125,"{90, 24, 260}","Banana,strawberries,pineapple,chocolate",0,0,1,0
404,Watermelon kiwi popsicles,name,https://www.lifeloveliz.com/wp-content/uploads/2015/05/Watermelon-Kiwi-Popsicles.jpg,7,Desserts,2,4.5,120,"{349, 178, 280}","Watermelon,kiwi,raisins",0,0,1,1
405,Jello Swirl Ice Cream,name,https://www.lifeloveliz.com/wp-content/uploads/2015/05/jello-swirl-ice-cream1.jpg,7,Desserts,2,3.5,100,{235},"Lime Jell-O,orange jll-o,cream,condensed milk",0,0,1,0
406,Sweetcorn and spinach fritters,name,https://www.bbcgoodfood.com/sites/default/files/recipe/recipe-image/2017/06/gfkids_fritters1.jpg,12,Starters,0,4.5,90,"{133, 321,310}","Spinach,sweet corn,milk,egg",0,0,1,0
407,Mini muffins,name,https://www.theworktop.com/wp-content/uploads/2017/10/Easy-Muffins-Recipes-Kids-320x320.jpg,7,Desserts,0,3.5,95,"{133, 354,227, 36, 11, 63}","Oats, wheat flour,egg,milk,apple,blueberries,carrot",0,0,1,1
408,Split pea and spinach dhal,name,https://www.bbcgoodfood.com/sites/default/files/styles/recipe/public/recipe/recipe-image/2017/06/gfkids_dahl.jpg?itok=K1I4k-jk,2,Main Course,1,4.5,105,"{64,310}","Spinach,yellow split peas,onion,cashew",0,0,1,1
409,salmon fish fingers,name,https://www.bbcgoodfood.com/sites/default/files/styles/recipe/public/recipe/recipe-image/2017/06/gfkids_fishchips2.jpg?itok=QgyuGZuI,12,Starters,0,4,150,"{133, 294}","Salmon,potato,egg,vegetables,bread",0,0,1,0
410,Sweet potato and salmon muffins,name,https://www.bbcgoodfood.com/sites/default/files/styles/recipe/public/recipe/recipe-image/2017/06/salmonmuffins2.jpg?itok=LTCvNoON,7,Desserts,0,3,170,"{133, 322,294}","Salmon fillets,sweet potato,egg",0,0,1,0
411,Courgette and pea risotto,name,http://assets.magic-basket.com/media/recipes/8M0ZV18M_neutral_preview.jpg?1282054503,9,Pizza/ Pasta,1,3.5,105,"{358,71}","Courgette,pea,cheese,rice,onion",0,0,1,0
412,Banana split oatmeal,name,https://healthiersteps.com/wp-content/uploads/2017/02/banana-split2wb2.jpg,1,Snacks,1,4.5,150,"{227,366, 24,228}","Oats,banana,yogurt",0,0,1,1
413,Healthy Breakfast Frittata,name,http://www.whfoods.com/recipeimages/breakfastfrittata.jpg,1,Snacks,0,3.5,170,{133},"Onion,turkey,kale,eggs",0,0,1,1
414,Crustless Spinach Pie,name,https://www.skinnytaste.com/wp-content/uploads/2013/03/Crustless-Spinach-Feta-Pie-1-3.jpg,7,Desserts,0,4.5,125,"{133, 354,71,310}","Spinach,wheat flour,scallion,cheese,milk,egg",0,0,0,1
415,Greek Yogurt Parfait,name,https://simplyhomecooked.com/wp-content/uploads/2015/07/berry-parfait-4.jpg,7,Desserts,1,3.5,80,"{366}","Yogurt,clementine ,pista",0,0,1,1
416,Breakfast Barley with Banana & Sunflower Seeds,name,https://thumbor.thedailymeal.com/ZBvpAu66vYe3e0SMvM20qaeOjM4=/840x565/filters:format(webp)/https://www.thedailymeal.com/sites/default/files/2014/11/30/fa47851503d5c8d195dec61a331ced91.jpg,1,Snacks,1,4.5,120,{ 24},"Banana,sunflower seeds,pearl barley",0,0,1,1
417,Chinese Chicken Cabbage Salad,name,http://www.whfoods.com/recipeimages/chinese-cabbage-salad.jpg,5,Salad/ Raita,0,4,140,{79},"Cabbage,chicken,ginger",0,0,1,1
418,Greek Salad,name,http://www.whfoods.com/recipeimages/greeksalad.jpg,5,Salad/ Raita,1,3,185,"{231,71, 210,85}","Garbanzo beans,olive,cheese,salad greens,mint",0,0,1,1
419,Mediterranean Tabouli Salad,name,http://www.whfoods.com/recipeimages/mediterraneantabouli.jpg,5,Salad/ Raita,1,3.5,165,"{354, 180}","Tomato,onion,wheat bulgur,lemon juice",0,0,1,1
420,Poppy Seed Fruit Salad,name,https://www.howsweeteats.com/wp-content/uploads/2017/03/poppy-seed-fruit-salad-I-howsweeteats.com-7.jpg,5,Salad/ Raita,2,4.5,200,"{366,167}","Strawberries,cantaloupe balls, poppy seed,honeydew melon balls,yogurt",0,0,1,1
421,Immune-Boost Soup,name,https://www.thehealthymaven.com/wp-content/uploads/2016/01/Immune-Boosting-Soup.jpg,11,Soups,1,3.5,125,{217},"Onion,mushroom,kale,garlic",0,0,0,1
422,Pumpkin Soup,name,image_url,11,Soups,1,4.5,110,{274},pumpkin,0,0,1,1
423,Spring Vegetable Soup,name,https://www.bbcgoodfood.com/sites/default/files/styles/recipe/public/recipe_images/recipe-image-legacy-id--879453_11.jpg?itok=unHBDg-O,11,Soups,1,4,105,"{274,66, 311}","White beans,onion ,pumpkin,thyme",0,0,1,1
424,"Pork, Apple & Miso Noodle Soup",name,https://images.media-allrecipes.com/userphotos/560x315/617745.jpg,11,Soups,0,3,150,"{53,287,158}","Cabbage,tomato,artichoke hearts,green peas",0,0,0,1
425,Easy Eggplant Stir Fry,name,http://images.media-allrecipes.com/userphotos/960x960/3758096.jpg,2,Main Course,1,4.5,170,"{79, 11, 224}","Pork,apples,chicken broth,noodles",0,0,0,1
426,Roasted Cauliflower,name,image_url,5,Salad/ Raita,1,3.5,125,"{133, 47}","Eggplant,zucchini,green bell pepper,tomatoes,brown rice",0,0,0,1
427,Skillet Meal,name,https://www.simplyrecipes.com/wp-content/uploads/2014/12/roasted-cauliflower-vertical-a2-1200.jpg,2,Main Course,1,3.5,80,{244},"Cauliflower,chives,parmesan",0,0,1,1
428,One-Pan Sautee,name,http://reciperunner.com/wp-content/uploads/2014/09/TurkeyandVegetableSkillet1.jpg,2,Main Course,0,4.5,120,{47},"Broccoli ,tomatoes,brown rice,white beans,oregano",0,0,1,1
429,Snappy Rice Dish,name,https://cdn.beautyandthefoodie.com/wp-content/uploads/2016/11/Garlic-Mushroom-Chicken-Saute-4330-cc-1-of-1-med-cp.jpg,3,Roti/ Rice,0,3.5,140,"{79, 47}","Veggie mix, chicken breast, ,Italian dressing,brown rice",0,0,1,1
430,Pan-Grilled Salmon with Pineapple Salsa,name,http://chicken.betterrecipes.com/uploads/photo/400x300/c/9/c9087db5400d204234604abf3f73c79a.jpg,9,Pizza/ Pasta,0,4,185,"{79, 47, 294}","Vegetables,chicken broth,,brown rice,chickpeas, pink beans, kidney beans",0,0,1,1
431,Stuffed Green Peppers,name,"http://www.health.com/health/recipe/0,,10000000521971,00.html",12,Starters,0,3,165,{ 260 },"Pineapple,onion,salmon fillets",0,0,0,1
432,Chatpata Chawli and Fruit Salad,name,https://images.media-allrecipes.com/userphotos/720x405/452169.jpg,5,Salad/ Raita,1,4.5,120,{358},"Green peppers,turkey, ground,rice,onion",0,0,1,1
433,Date and Apple Shake,name,https://www.tarladalal.com/members/9306/big/big_chatpata_chawli_and_fruit_salad-8377.jpg?size=696X905,7,Desserts,2,3.5,90,"{354, 156,235,268}","Wheat germ,grapes,orange,black eyed beans,pomegranate",0,0,1,1
434,Methi Toovar Dal,name,https://www.tarladalal.com/members/9306/big/big_date_and_apple_shake_(_healthy_snacks_recipe)-8647.jpg?size=696X905,2,Main Course,1,3.5,85,"{ 11,123,335, 70,140}","Dates,apples,milk,vanilla essence",0,0,1,1
435,Bajra Khichdi ( Protein and Iron Rich),name,"https://www.tarladalal.com/members/9306/big/big_methi_toovar_dal,_healthy_recipe-13657.jpg?size=696X905",3,Roti/ Rice,1,4.5,120,"{140,213}","Methi leaves,toovar dal,onions,tomato",0,0,1,1
436,Paneer Tamatar Paratha,name,https://www.tarladalal.com/members/9306/big/big_bajra_khichdi_(_protein_and_iron_rich_recipe_)-8067.jpg?size=696X905,3,Roti/ Rice,1,3.5,100,"{366}","Bajra ,yellow moong dal,ghee",0,0,1,1
437,Oats and Cabbage Roti,name,https://www.tarladalal.com/members/9306/big/big_paneer_tamatar_paratha-11363.jpg?size=696X905,3,Roti/ Rice,1,3,90,"{240,354}","Wheat flour,paneer ,tomatoes,capsicum",0,0,1,1
438,Broccoli Soup,name,https://www.tarladalal.com/members/9306/big/big_oats_and_cabbage_roti_(_tiffin_recipe)-10316.jpg?size=696X905,11,Soups,1,4.5,95,"{354, 227,42}","Oats,cabbage,wheat flour,garlic paste",0,0,0,1
439,Walnut Sheera,name,https://www.tarladalal.com/members/9306/big/big_broccoli_soup-9491.jpg?size=696X905,7,Desserts,1,3.5,105,"{42,203}","Broccoli,onion,milk,pepper",0,0,1,1
440,"Beet and Garlic Salad , Fibre Rich",name,https://www.tarladalal.com/members/9306/big/big_walnut_sheera-11818.jpg?size=696X905,5,Salad/ Raita,2,3.5,150,"{366,148}","Walnut,ghee,sugar,milk",0,0,1,1
441,Lemon Rice,name,"https://www.tarladalal.com/members/9306/big/big_beet_and_garlic_salad_recipe,_fibre_rich-13417.jpg?size=696X905",3,Roti/ Rice,1,4.5,170,{ 180},"Beet,garlic,lemon juice",0,1,1,1
442,Fenugreek and Mushroom Brown Rice,name,https://www.tarladalal.com/members/9306/big/big_lemon-rice-(-south-indian-recipes-)-1733.jpg?size=696X905,3,Roti/ Rice,1,3.5,105,{358},"Lemon,rice,urad dal,turmeric",0,0,0,1
443,Tomato Methi Rice,name,https://www.tarladalal.com/members/9306/big/big_wholesome_pulao-8113.jpg?size=696X905,3,Roti/ Rice,1,4,150,"{133, 47, 217,287,140}","Methi leaves,mushroom,brown rice,eggplant,tomato",0,0,0,1
444,Sprouts Pulao,name,https://www.tarladalal.com/members/9306/big/big_tomato_methi_rice_(_iron_rich_recipe_)-10696.jpg?size=696X905,3,Roti/ Rice,1,3,170,{47},"Methi leaves,onion,brown rice,chilli,tomato",0,0,1,1
445,Cabbage and Cucumber Dry Sabzi,name,https://www.tarladalal.com/members/9306/big/big_spicy_sprouts_pulao-10588.jpg?size=696X905,2,Main Course,1,4.5,125,"{47, 59}","Moth beans,moong sprouts,brown rice,onion,tomato,capsicum",0,0,0,1
446,"Paneer, Corn and Capsicum Sabzi",name,https://www.tarladalal.com/members/9306/big/big_cabbage_and_cucumber_dry_sabzi-12791.jpg?size=696X905,2,Main Course,1,3.5,80,"{118,240}","Paneer, Cabbage,cucumber,chilli",0,0,1,1
447,Vegetables in Tomato Gravy,name,https://www.tarladalal.com/members/9306/big/big_paneer_makai-8207.jpg?size=696X905,2,Main Course,1,3.5,120,"{240,59}","Paneer,corn,capsicum,ginger",0,0,1,1
448,Mixed Sprouts and Palak Sabzi,name,https://www.tarladalal.com/members/9306/big/big_vegetables_in_tomato_gravy-9997.jpg?size=696X905,2,Main Course,1,4.5,140,"{144,272,131,84,228}","Tomato,french beans,drumsticks,potato,besan,ladies finger",0,0,1,1
449,Khatta Urad Dal,name,https://www.tarladalal.com/members/9306/big/big_mixed_sprouts_and_palak_subzi-12316.jpg?size=696X905,2,Main Course,1,3.5,185,"{310, 216,70}","Urad dal, Mixed sprouts,spinach,tomato,onion",0,0,1,1
